Domain Name,Count,Subdomain,,,,Agent,,,,URI,,,,Time Deltas,,,,,,,,,Duration,,,,,,,,,Bytes Sent,,,,,,,,,Bytes Received,,,,,,,,,Packets Sent,,,,,,,,,IP Bytes Sent,,,,,,,,,Pckts Received,,,,,,,,,IP Bytes Rec.,,,,,,,,,URI Len,,,,,,,,,URI Depth,,,,,,,,,URI Ent,,,,,,,,,Agent Len,,,,,,,,,Agent Depth,,,,,,,,,URI Ent,,,,,,,,
collegeboard.com,1547,0,0,0,0,35,0.022624434,408,0.263736264,11,0.007110537,142,0.091790562,1546,1,111.8735398,-172956.8061,71749.61288,#NAME?,98.58034226,-8.916403102,151.954493,1538,0.994182288,0.163478897,9.30E-05,51.429091,4.950026331,11.34308273,26.64222625,723.7138773,162,0.104718811,2473630.818,212,1904298645,0.985061065,24.92002163,27.13394368,764.4329448,43,0.027795734,18980950.62,0,4294967783,2.214232307,13.73037528,15.25327502,239.6846805,30,0.019392372,12.40788623,2,49,7.145198903,0.64390288,0.910423136,0.860067905,344,0.222365869,1342.372334,448,3330,7.218499412,0.49600522,0.241356668,-1.404197577,44,0.028442146,12.72010343,0,60,7.121054008,0.709077859,1.583862604,3.870860368,129,0.083387201,4512.36393,0,55143,6.070666133,2.465193966,3.868113236,14.03900718,8,0.005171299,34.63219134,1,58,7.237109123,0.385686031,-0.933462559,1.590708179,3,0.001939237,3.358758888,1,4,7.301247237,0.263081006,-1.563217225,1.82113778,11,0.007110537,3.566293948,0,4.185056022,7.246276929,0.323064517,-2.667851434,5.451728287,19,0.012281836,92.44731739,1,158,7.227087793,0.46234254,0.388709688,-0.492125343,8,0.005171299,11.55397544,0,22,7.176490045,0.567638863,0.689405203,-0.750733095,33,0.02133161,4.766767581,0,5.175919651,7.321996129,0.175684369,-4.047472958,14.77674895
miamiherald.com,1834,1,0.000570776,1752,1,24,0.01308615,444,0.242093784,33,0.017993457,83,0.04525627,1831,0.998908893,74.29048168,-136266.7668,86252.7756,#NAME?,107.9404986,-7.13228072,210.7325871,1825,0.995092694,0.068500602,0.000138,3.295219,7.025922307,1.635340533,15.50863481,390.8726986,177,0.09651036,1046011.11,210,1768687224,0.278635099,39.61077915,42.36319132,1803.341082,153,0.083424209,21712710.36,0,4294971346,2.751517176,11.68127258,14.37362028,225.3170222,37,0.020174482,16.28735005,3,67,7.384068383,0.535859015,1.706969266,5.550578219,522,0.284623773,1638.544166,474,4489,7.43067339,0.398618104,0.259756033,0.715542838,71,0.038713195,18.35714286,1,153,7.204585377,1.004493845,4.14133688,22.53491739,426,0.232279171,18325.23991,60,198489,6.611005319,1.870319161,3.725158544,14.60079553,23,0.012540894,36.36314068,1,72,7.375903652,0.513314238,0.524790911,-0.667416314,6,0.003271538,3.838604144,1,6,7.43865902,0.3840679,0.249758991,-1.066357035,32,0.017448201,3.619052515,0,4.818820387,7.458509778,0.260998609,-2.253440881,6.943323098,16,0.0087241,87.58015267,50,158,7.441634517,0.404385198,1.283467924,0.124164565,7,0.003816794,10.90130862,6,22,7.406395597,0.502835144,1.415288252,0.278893995,21,0.011450382,4.934238012,4.782739857,5.092563865,7.514106699,0.017208571,0.147748611,-1.335861528
wikimedia.org,2085,1,0.000479616,2085,1,47,0.022541966,528,0.25323741,31,0.014868106,101,0.048441247,2083,0.999520154,74.94660625,-164051.4896,85863.93032,#NAME?,119.3771871,-7.380181289,181.7190537,2008,0.963069544,0.035333165,0.000234,9.185404,6.598339801,6.419968367,35.77271801,1355.794315,152,0.072901679,842954.0355,251,1756732005,0.007658593,45.6293539,45.62894344,2080.00048,132,0.063309353,19075183.84,0,4294970948,2.739068408,12.51413145,15.25131257,253.7517049,17,0.008153477,16.4235012,5,25,7.629877056,0.149663406,-1.13352671,9.466881701,275,0.131894484,1940.544365,626,2677,7.630182375,0.150448598,-0.932604226,4.419043147,30,0.014388489,15.18944844,4,42,7.602297573,0.299270439,2.068379763,8.390638965,362,0.173621103,11964.48345,276,40953,7.490141174,0.612921053,2.260878378,5.692786845,19,0.00911271,76.46810552,40,120,7.626297702,0.176322877,-0.148981875,3.33393626,2,0.000959233,6.808153477,5,7,7.638438494,0.086509793,-2.744285116,5.531100796,31,0.014868106,4.444503872,4.274690382,4.603654624,7.642342985,0.019009454,-0.389359489,-0.788710157,24,0.011510791,95.75059952,50,158,7.572576809,0.390008316,0.942885046,-0.851140662,8,0.00383693,12.04268585,6,22,7.535146484,0.489722568,1.026189166,-0.802413751,43,0.020623501,4.94993765,4.762986135,5.094773155,7.642373244,0.017361103,-0.199841747,-1.418261193
rmcu.bluenet,4638,1,0.055555556,18,1,135,0.029107374,421,0.090771884,2,0.001192606,1659,0.989266547,4637,1,55.64429478,-259285.2907,72272.05045,#NAME?,170.2185923,-16.93431642,487.245447,4569,0.985122898,0.293662877,0.000153,60.07465,5.964594818,9.691277218,20.13232165,411.4686477,217,0.046787408,129527.5513,204,597490843,0.078890554,67.72615054,68.08083577,4633.000205,101,0.021776628,16764877.6,0,4294970905,3.384029229,13.45996737,16.27486611,287.5835364,34,0.007330746,25.72574386,5,41,8.373121811,0.357586915,-0.305825314,-1.459492415,452,0.0974558,3283.517033,471,4910,8.353312132,0.39921993,-0.463681501,-1.595665795,39,0.008408797,24.02220785,4,45,8.357010586,0.391987187,-0.442370694,-1.574411457,298,0.064251833,8636.410091,276,19444,8.320354777,0.460947768,-0.450172696,-1.552704894,2,0.001192606,1.085867621,1,9,7.311671348,0.759170785,9.496184317,88.17751658,2,0.001192606,1.010733453,1,2,7.42071631,0.10195059,9.496184317,88.17751658,2,0.001192606,0.030132611,0,2.807354922,2.890371758,9.600347216,9.496184317,88.17751658,38,0.008193187,81.63734368,1,158,8.389279984,0.333700804,1.563792269,3.526971501,10,0.002156102,9.727684347,0,22,8.361720804,0.428730178,2.053616594,4.142444812,116,0.025010781,4.897262951,0,5.175919651,8.435385671,0.093848593,-8.345091978,70.3922063
smartmoney.com,3458,1,0.000940734,1063,1,32,0.009253904,941,0.272122614,39,0.011278195,159,0.045980335,3441,0.99537171,61.02189979,-210953.1115,106440.2113,#NAME?,147.6854958,-12.41266417,355.9857704,3377,0.976576056,0.065539095,9.90E-05,51.446501,6.300335499,13.62115447,55.53920827,3174.856676,298,0.086176981,783526.3632,221,2009246728,0.578607976,46.16027298,51.60213495,2787.20971,195,0.056390977,19541991.79,0,4294971263,3.344628029,12.07251639,15.050746,248.6635875,29,0.00838635,14.91584731,3,49,8.084213606,0.352405314,0.808136003,5.872449699,627,0.181318681,1636.342973,532,3270,8.104446483,0.28157653,-0.592234087,0.185813086,45,0.013013302,13.66194332,0,63,8.053095547,0.471885212,2.51810977,12.05193033,572,0.165413534,8679.02487,0,60252,7.705712119,1.1155559,3.050682319,12.53218491,25,0.007229612,31.56072874,1,59,8.048886902,0.398484121,-0.42295828,0.584575291,4,0.001156738,2.805378832,1,4,8.109848845,0.257178494,-1.093832348,1.332103181,39,0.011278195,3.681517154,0,4.451608494,8.098886193,0.237903637,-3.197638681,10.41790009,23,0.006651243,91.7070561,1,158,8.042657784,0.450591525,0.57356946,-0.484941433,8,0.002313476,11.45662233,0,22,7.994699865,0.556190712,0.822860925,-0.662365215,31,0.008964719,4.798028231,0,5.175919651,8.129461162,0.159127757,-4.852188666,22.02610523
com.com,5771,6,0.001039681,2653,0.459712355,113,0.019580662,1172,0.203084387,116,0.020100503,199,0.034482759,5744,0.995493934,45.2658709,-261971.7878,71924.87425,#NAME?,176.6248512,-22.65386935,766.9415439,5496,0.952347947,0.044968044,3.90E-05,7.051936,8.003584158,2.852565819,39.27610672,1948.993838,347,0.060128227,1473374.511,168,2072547442,1.997043917,29.58208027,34.44858988,1315.356872,679,0.117657252,21564894.65,0,4294993172,3.93933063,11.62321029,14.38311205,224.7722889,93,0.016115058,17.93224744,2,184,8.516934425,0.673883175,5.234479281,36.54266419,985,0.170680991,1869.694507,371,10356,8.602432381,0.364593056,2.909542661,20.09113939,137,0.023739387,19.77872119,0,327,8.378020996,1.075009158,6.655129729,59.45712099,1611,0.279154393,22222.37134,0,470580,7.854586276,1.961557106,5.775405621,39.27296134,48,0.008317449,65.69104141,3,257,8.346705993,0.912678092,2.052354736,3.328545772,10,0.001732802,4.627620863,0,10,8.549529814,0.439877269,0.245638869,0.476937208,113,0.019580662,4.089849573,1.584962501,5.053091018,8.64847699,0.143188957,-2.44318169,8.937905808,36,0.006238087,81.5896725,1,158,8.450298118,0.578681164,0.163082072,-0.389840486,10,0.001732802,10.22994282,0,22,8.401456942,0.664701431,0.563173467,-0.422094141,97,0.016808179,4.271192923,0,5.175919651,8.519120605,0.395998946,-2.056451427,2.278281205
uscga.bluenet,3197,1,0.1,10,1,139,0.043478261,417,0.130434783,3,0.001784652,1662,0.988697204,3195,0.999687109,81.93654756,-259539.7117,71784.94412,#NAME?,138.1859014,-14.47345137,346.6503408,3149,0.984985924,1.371207879,0.000231,1592.006973,2.358584713,29.19381803,39.26877992,1556.568971,186,0.058179543,520367.8277,206,1173341502,0.658869824,43.02078324,47.96589965,2416.730156,155,0.048482953,5746107.637,39,4294973628,2.488284942,18.92465875,26.8618747,880.0925602,76,0.023772287,47.44260244,5,1137,7.947420348,0.715134595,20.82394641,662.6454216,683,0.213637785,4081.811386,553,154772,7.988898033,0.940292733,37.85145679,1483.502599,125,0.039099155,84.60431655,3,1450,7.833358778,0.794071064,5.975032336,105.9273591,681,0.213012199,168326.7366,307,2068584,7.610399737,0.902107857,1.186228078,13.16901584,3,0.001784652,1.106484236,1,12,7.277729546,0.911509632,9.596875169,92.18517252,2,0.001189768,1.00594884,1,2,7.424877275,0.076444214,12.84935736,163.1059844,3,0.001784652,0.03230181,0,2.913977073,2.944265575,9.354377901,9.25079987,83.60877439,39,0.012198937,84.59680951,1,158,8.003899626,0.372436744,1.284154253,1.63331997,10,0.003127932,10.23084141,0,22,7.969562225,0.475140476,1.635942285,1.849729438,120,0.037535189,4.889328957,0,5.175919651,8.062260013,0.1013162,-7.700949694,59.39064318
ign.com,7269,9,0.001238135,3399,0.467602146,35,0.004814968,1780,0.244875499,77,0.010592929,161,0.022148851,7219,0.993258118,36.05120434,-262022.6804,85863.67085,#NAME?,201.885899,-23.68169529,928.3541194,6997,0.962580823,0.071274763,8.00E-05,9.51787,8.159614033,2.874768572,28.25391276,1015.862758,375,0.051588939,1275649.115,197,1602615110,2.090626254,31.05045715,33.66890369,1175.710127,599,0.082404732,17967528.79,0,4294993064,3.930810077,13.12726242,15.94403439,271.5009415,140,0.019259871,20.25643142,2,286,8.619311195,1.002259208,5.420722855,38.26333869,1478,0.203329206,1872.101802,364,15588,8.781599254,0.555933942,4.550464593,32.58189743,205,0.028201954,23.75003439,0,588,8.308055655,1.724829493,7.095644385,67.18158664,1693,0.232906865,32123.24997,0,793134,7.559025516,2.746586104,6.264566464,46.29839205,33,0.004539827,34.639015,1,103,8.789675487,0.458613015,1.215242997,2.766323191,4,0.000550282,3.650708488,1,6,8.82213884,0.379984282,0.806234316,-0.425636939,72,0.009905076,3.743092237,0,5.095485879,8.862261939,0.190881472,-3.019114995,14.1041495,23,0.003164122,89.4099601,1,158,8.775759845,0.460881842,0.491503574,-0.161666385,8,0.001100564,11.14197276,0,22,8.728104804,0.562409998,0.817040657,-0.359098903,33,0.004539827,4.73390022,0,5.063202513,8.863760084,0.193160534,-3.917244213,13.52526042
timewarner.com,260,0,0,0,0,19,0.073076923,70,0.269230769,5,0.019230769,78,0.3,259,1,530.9697269,-137521.1377,88653.4436,#NAME?,39.73080449,-2.874166926,27.66184057,260,1,0.089863638,0.000161,5.655428,4.394933264,4.016427735,14.27056807,214.9259441,85,0.326923077,348.2576923,208,540,5.518565356,0.295619961,0.615705363,-1.058636908,22,0.084615385,1473672.635,296,382228611,0.028095485,16.0544213,16.03133866,255.0038332,18,0.069230769,13.99230769,4,31,5.434253774,0.477408472,-0.143045228,-1.124327662,126,0.484615385,1472.365385,473,2629,5.470163888,0.403502829,-0.355772462,-1.191293289,25,0.096153846,15.05,4,48,5.38241188,0.611767032,1.159127438,2.275881012,60,0.230769231,11008.97308,336,50925,4.639709429,1.510991009,1.501409144,0.744937217,5,0.019230769,16.05769231,1,25,5.366573474,0.53420987,-0.7376263,-1.027160656,3,0.011538462,1.988461538,1,3,5.522482751,0.270039017,-0.010052398,0.466234121,5,0.019230769,2.714366694,0,3.630412661,5.381264992,0.460760762,-1.402717248,0.447111172,15,0.057692308,95.49230769,50,158,5.485432905,0.40484318,0.920178146,-0.988142711,8,0.030769231,12.15,6,22,5.448266462,0.499105222,0.952182913,-0.97967366,19,0.073076923,4.943373699,4.762986135,5.048944935,5.560536837,0.017009364,-0.150203449,-1.388670517
berkeley.edu,1938,0,0,0,0,41,0.021155831,501,0.258513932,21,0.010835913,167,0.086171311,1931,0.996902426,90.58223138,-224626.9726,60382.107,#NAME?,120.4649185,-10.17697388,192.3902079,1905,0.982972136,0.082828294,0.000106,51.491659,4.772505009,14.64236929,39.72605534,1665.764219,132,0.068111455,1367123.986,204,1286740854,1.048969037,26.76410322,29.3040307,917.6147914,104,0.053663571,20456379.54,0,4294971405,2.628335555,12.71093903,14.84905824,231.746657,33,0.017027864,16.15892673,2,64,7.512617669,0.364303108,2.787668404,13.39595278,325,0.167698658,1718.238906,435,4047,7.542336777,0.228431468,0.310370773,3.692872134,48,0.024767802,15.09597523,1,69,7.45242011,0.569433183,3.277856485,12.22597452,294,0.151702786,11390.12023,156,71190,6.950176834,1.35655925,2.527303322,6.22456833,14,0.007223942,26.3003096,1,47,7.465030755,0.392842611,-0.570565359,1.489513828,4,0.002063983,2.992776058,1,4,7.530223694,0.25805294,-1.110064872,1.54148306,21,0.010835913,3.466221976,0,4.073329702,7.4779874,0.311698528,-2.794647564,6.153149702,22,0.011351909,91.41950464,3,158,7.468103423,0.441405783,0.60391303,-0.338531547,8,0.004127967,11.45356037,0,22,7.424115762,0.540915147,0.860030923,-0.508016017,38,0.019607843,4.807695126,0.918295834,5.073972602,7.551857442,0.154181932,-4.958785626,22.97895364
autechre.nu,6464,0,0,0,0,131,0.020266089,685,0.105971535,14,0.005154639,710,0.261413844,6453,0.998452731,40.542761,-259506.0687,72048.72454,#NAME?,191.3880172,-22.24976541,777.8386461,6316,0.97710396,0.657353273,0.000113,1191.651004,3.769636975,26.50834256,53.28788097,3428.074981,320,0.04950495,640016.9063,189,2120844811,1.32405366,46.73684627,60.48407742,4042.04737,231,0.035736386,18970497.47,0,4294988229,3.969678226,12.15463928,15.48727359,265.1603506,53,0.008199257,25.48344678,3,1177,8.650616838,0.787528231,33.0234949,1729.874712,1085,0.167852723,3216.281559,482,142545,8.623879912,0.805555208,27.90923824,1348.282323,68,0.010519802,27.25448639,1,1633,8.589186258,1.027127365,33.58609971,1739.938587,695,0.107518564,16984.96813,40,2624728,8.14272163,2.564293327,37.89286115,2058.058388,10,0.003681885,13.59646539,1,22,7.672793481,0.565982571,-0.906919764,-0.914555485,2,0.000736377,1.736377025,1,2,7.870805167,0.253745128,-1.072984664,-0.848703911,13,0.004786451,2.498769876,0,3.787143961,7.602178341,0.598918699,-1.038619495,-0.844437308,37,0.00572401,81.78913985,1,158,8.710748662,0.354040864,1.185096677,2.926509635,10,0.00154703,9.784189356,0,22,8.680916491,0.447646529,1.750605131,3.373905801,112,0.017326733,4.860860073,0,5.175919651,8.761766854,0.126675337,-6.242272644,37.95146055
nikonusa.com,1477,0,0,0,0,31,0.02098849,416,0.281651997,19,0.012863913,152,0.102911307,1474,0.998644986,115.991451,-171203.8754,70991.8931,#NAME?,98.67116861,-8.474272435,138.7381909,1454,0.984427894,0.055835885,0.000154,7.65782,6.009150973,4.943429588,21.40247588,511.6747564,114,0.07718348,1380172.807,205,2038008613,0.004115142,38.40919092,38.39271646,1472.000677,108,0.073121192,27815902.99,0,4294970009,2.746384822,10.40110372,12.42834805,167.2971372,36,0.024373731,17.54840894,5,61,7.246199296,0.369811511,3.653628127,15.08314719,244,0.165199729,1809.113744,541,3879,7.279699373,0.199609981,2.081011806,6.538159584,51,0.034529452,16.33920108,1,87,7.13949565,0.698351855,3.548764696,13.13177037,267,0.180771835,14225.13879,40,93951,6.636732066,1.480265817,2.749140322,6.879847982,11,0.007447529,25.93500339,1,44,7.131038031,0.509471956,-0.420778838,-0.872363267,4,0.002708192,2.890995261,1,4,7.232042352,0.34501646,-0.402920084,-0.983132369,16,0.010832769,3.33770686,0,4.277567157,7.180950508,0.363026153,-2.071817313,2.998630639,20,0.013540961,89.85104942,1,158,7.180031923,0.466757419,0.489061076,-0.32865047,9,0.006093433,11.24306026,0,22,7.132429471,0.567004813,0.785738237,-0.5122864,30,0.020311442,4.735169936,0,5.083692422,7.270192594,0.191266341,-4.017761251,14.40688149
dia.mil,16690,0,0,0,0,134,0.00802876,1912,0.114559617,34,0.004699378,679,0.093849343,16602,0.994786985,15.6923699,-261912.0447,71946.9033,#NAME?,319.0299989,-32.13566189,1751.044713,15703,0.940862792,0.202137382,0.000139,107.409561,7.271530936,13.34632992,36.00091578,1375.310704,389,0.02330737,2429947.731,178,2096957275,3.323889926,25.25376696,27.200414,771.5539093,606,0.036309167,21008235.59,0,4295021987,4.920908867,12.06386207,14.71544559,232.5234389,78,0.004673457,33.2494308,2,212,9.660721532,0.357741957,1.772947703,21.83731701,2133,0.127801078,3515.299521,358,21242,9.638844652,0.402531641,0.513322911,5.441198225,135,0.008088676,42.04631516,0,363,9.617639916,0.486346524,2.403713652,17.48203563,2590,0.155182744,55635.15398,0,647235,9.555249752,0.619405848,2.871782607,25.59261675,15,0.002073255,21.71776088,1,35,8.790110683,0.355525168,-1.730008159,2.174755982,3,0.000414651,1.816033172,1,3,8.860330185,0.213746062,-1.617132101,0.663681428,28,0.003870076,3.392073511,0,4.106377317,8.786494166,0.326572657,-2.657420991,5.310016846,39,0.002336729,83.94679449,1,158,9.663594154,0.352912443,1.409400402,2.313713547,10,0.000599161,10.07399641,0,22,9.631949446,0.454305567,1.811161002,2.651448582,115,0.006890354,4.902067748,0,5.175919651,9.715542255,0.095538664,-8.316532509,69.99200556
g4tv.com,2052,1,0.00060024,1666,1,31,0.015107212,563,0.274366472,17,0.0082846,132,0.064327485,2049,0.999024866,69.4081389,-142356.4897,71289.76374,#NAME?,89.36186485,-5.703436794,178.667055,2037,0.992690058,0.116328136,0.000193,51.467947,5.949025701,10.36322336,39.11733509,1621.373916,166,0.080896686,843073.4396,196,1689019111,0.117646421,44.22750453,45.22803285,2044.681119,50,0.024366472,8176885.801,0,4294971330,2.250312103,16.14484329,22.24791975,607.0070198,42,0.020467836,13.03508772,2,67,7.436392676,0.686994927,2.37492169,8.44090416,363,0.176900585,1373.382066,445,4200,7.515554774,0.475201852,0.673183855,0.553084453,50,0.024366472,12.31481481,1,111,7.313676535,1.021084685,4.202226954,21.66458408,162,0.078947368,8503.222222,40,130569,6.328901243,2.682785826,4.619672957,20.83562777,10,0.004873294,38.8411306,1,52,7.541076968,0.33718536,-1.757504005,2.284491804,5,0.002436647,4.090643275,1,5,7.572762033,0.29573827,-1.344912262,0.696666075,12,0.005847953,3.896349525,0,4.375222374,7.558580969,0.270196357,-3.193444996,8.857146367,19,0.009259259,96.05896686,50,158,7.554935235,0.394515087,0.920407128,-0.939829248,8,0.003898635,12.11744639,6,22,7.516274822,0.494881269,0.975231353,-0.916318036,30,0.014619883,4.94392895,4.762986135,5.067566084,7.626407765,0.018012339,-0.210869445,-1.397299505
atdmt.com,839,2,0.00238379,691,0.823599523,100,0.119189511,218,0.259833135,10,0.01303781,147,0.191655802,838,1,308.3117264,-258271.9357,86008.14283,#NAME?,61.22480483,-6.796084015,90.86908777,838,0.998808105,0.512938464,8.70E-05,208.366402,2.517379672,16.04265078,22.50594545,528.4398038,178,0.21215733,459.9916567,223,13127,6.550682707,1.072459872,20.39423091,515.4821229,40,0.047675805,11955446.65,0,4294968009,1.006953475,17.99773222,19.14788642,373.5297411,24,0.028605483,13.50059595,3,600,6.378596637,1.629741777,22.62437331,598.8934081,264,0.31466031,1641.237187,472,63519,6.391016756,1.481993313,19.8024523,496.5720423,33,0.039332539,13.97973778,1,736,6.311574336,1.918378942,23.32715771,623.3145585,88,0.10488677,5247.337306,60,1630241,4.343470535,10.75760619,28.43554097,815.5149891,8,0.010430248,41.60234681,20,68,6.538105874,0.459199316,0.350394867,-1.66887906,2,0.002607562,3.153846154,2,5,6.539248469,0.462772341,0.474341649,-1.775,10,0.01303781,4.019304362,3.503258335,4.402207996,6.640460254,0.063366901,-0.367808938,-0.644167518,36,0.042908224,93.99404052,3,158,6.647089616,0.418394146,0.757721274,-0.701295111,10,0.011918951,11.84266985,0,22,6.606165743,0.517473732,0.899989296,-0.783869792,92,0.10965435,4.898065173,0.918295834,5.175919651,6.726348026,0.090160118,-8.105641668,67.14066854
www.simnet,4505,0,0,0,0,134,0.029744728,411,0.091231964,1,0.000603136,1658,1,4503,0.999777975,58.15539602,-259378.3811,71825.96642,#NAME?,161.5208892,-18.04523811,516.6018215,4442,0.986015538,0.1485015,0.000116,13.343506,7.787383866,2.336041455,23.17612651,720.8949851,199,0.044173141,457977.1978,192,2018233840,0.122623248,65.66341054,67.05417705,4496.122373,656,0.145615982,15710072.14,0,4295084785,3.438710526,13.35336368,16.9738005,319.3260233,140,0.031076582,44.75160932,3,346,8.105558684,0.839834763,1.326695049,1.683276065,1131,0.251054384,4088.655494,356,17032,8.242871188,0.581202773,0.51099587,-0.700481977,317,0.07036626,77.2290788,0,825,7.776430369,1.295331808,2.201586316,6.41446528,1389,0.308324084,142069.7529,0,1851813,7.358696988,1.515189944,1.349919516,1.565120304,1,0.000603136,1,1,1,7.413367336,0,0,-3,1,0.000603136,1,1,1,7.413367336,0,0,-3,1,0.000603136,0,0,0,#NAME?,0,0,-3,37,0.008213097,81.67125416,3,158,8.357282192,0.33941516,1.442554399,3.373107378,10,0.002219756,9.734739179,0,22,8.32913836,0.434085368,1.974180858,3.977850774,115,0.025527192,4.890226768,0.918295834,5.175919651,8.405091054,0.102724484,-7.56017841,56.86549174
bet.com,1441,0,0,0,0,18,0.012491325,474,0.328938237,37,0.025676613,77,0.053435115,1438,0.998611111,35.24025064,-49671.16669,28828.25843,#NAME?,99.81883164,-6.79159448,104.8682502,1418,0.984038862,0.041638713,8.40E-05,4.399716,6.463585164,3.085613791,27.53185936,917.251919,174,0.12074948,2612730.111,194,1584560398,1.309252571,20.51324726,23.51687683,607.9575641,244,0.169326856,41642883.61,0,4294975740,3.02409412,8.914134625,10.22117924,108.5757509,36,0.024982651,19.14156836,5,70,7.218965094,0.351876365,2.18282867,8.522403406,438,0.303955586,2025.316447,801,4335,7.254080622,0.19570105,0.586785325,2.230822831,67,0.046495489,21.86606523,2,99,7.113391745,0.634730294,2.250383789,6.21753815,576,0.399722415,26187.91325,112,112827,6.808694699,1.03017556,1.464905803,1.429156097,21,0.014573213,74.38167939,1,105,7.187877856,0.350619018,-1.100993053,0.913241576,4,0.00277585,5.623178348,1,7,7.238620305,0.222630788,-2.776143827,7.247825882,37,0.025676613,4.312763379,0,5.116119267,7.214238115,0.254339596,-3.165915175,9.822317362,15,0.010409438,100.9923664,50,158,7.19464211,0.405075151,0.584980081,-1.489300012,8,0.0055517,12.9555864,6,22,7.156144597,0.497131519,0.629093766,-1.486855411,17,0.011797363,4.944133229,4.762986135,5.073972602,7.27290552,0.019332683,-0.152453257,-1.641401729
honeynet.org,25226,0,0,0,0,138,0.005470546,1378,0.054626179,31,0.005717447,664,0.122464035,25091,0.99468781,10.28338123,-259526.6531,71945.16032,#NAME?,391.1848934,-41.33888159,2788.285465,23049,0.913700151,2.563481692,3.40E-05,5617.457696,3.566959317,36.83327719,46.94341973,2386.594495,431,0.017085547,1155270.333,176,2101932632,3.032863245,36.31536523,39.62728437,1648.241326,648,0.025687782,15718612.24,0,4294989901,5.232639434,12.87907106,16.88325426,321.9940158,73,0.00289384,32.33846032,2,9421,9.742249483,3.907618696,59.65914815,4002.220275,1603,0.063545548,4045.765401,280,688044,9.846681167,2.706492158,49.85622739,2720.583584,94,0.003726314,34.6522239,0,17025,9.505674574,6.093172592,67.78577404,5147.279211,1989,0.078847221,25982.00511,0,35459944,8.127732581,16.41903656,72.18921927,5758.316893,23,0.004241977,24.28402803,1,65,8.523377949,0.32450987,-1.320624193,2.889235635,5,0.000922169,1.887126522,1,6,8.571227581,0.236819631,2.534256882,30.3539623,31,0.005717447,3.493743089,0,4.583133991,8.53076768,0.26821398,-3.229417014,9.250705151,39,0.001546024,78.42440339,1,158,10.09036267,0.300322833,1.422033789,5.654848733,10,0.000396416,9.223499564,0,22,10.069797,0.378896174,2.234762385,7.191215654,119,0.004717355,4.885594696,0,5.175919651,10.12752447,0.103638428,-7.566942269,57.15589867
nature.org,23892,0,0,0,0,136,0.005692282,3283,0.137410012,174,0.011751199,376,0.025393395,23532,0.984973421,10.85533336,-259505.2103,71822.72983,#NAME?,394.2767702,-36.01539271,2306.222978,20610,0.862631843,20.81546481,6.80E-05,5109.355486,6.473921662,8.207936782,13.95988596,234.2741352,817,0.034195547,1992873.802,172,2135990968,3.702749416,25.75988463,30.25620746,1000.88603,1237,0.051774653,21169855.9,0,4295019942,5.378690222,11.49351477,14.4735707,231.594202,170,0.007115352,41.82383225,2,9408,8.761887635,5.021340785,18.36546509,423.8565548,2277,0.095303867,4721.24954,348,681767,8.91116191,4.371983375,16.44760346,308.8638712,194,0.008119873,50.44056588,0,14705,8.358110233,6.197200644,18.73264891,449.1463793,2611,0.109283442,66175.83903,0,33505928,7.045855609,9.822512254,20.37911522,547.0339466,54,0.003646924,26.39589383,1,79,9.543243605,0.314448556,-0.290528649,3.614873629,6,0.000405214,1.972783143,1,6,9.577747186,0.244325238,4.525776237,38.43204046,171,0.011548592,3.66027217,0,4.39326969,9.572000358,0.18928208,-3.899844067,17.28964368,39,0.001632346,84.10865562,1,158,10.01269983,0.382141695,1.33584449,1.512946198,10,0.00041855,10.10865562,0,22,9.972484875,0.497441401,1.614873272,1.597591599,118,0.004938892,4.876997487,0,5.175919651,10.07395336,0.098890701,-7.87888505,62.44223992
mit.edu,1193,2,0.001676446,857,0.718357083,60,0.050293378,300,0.25146689,15,0.012573345,215,0.180217938,1190,0.998322148,217.5471482,-259216.182,106171.114,#NAME?,83.08719936,-9.124977276,143.3423834,1178,0.987426655,0.069683011,0.000719,10.01055,5.224346043,6.336677789,16.31651293,299.2363269,114,0.095557418,4462805.236,194,1939966535,1.110372465,19.97093211,20.1839454,409.1319501,64,0.05364627,31652093.68,0,4294974239,2.386766,10.86086426,11.65190162,138.2050956,35,0.029337804,19.84576697,4,79,6.963564992,0.556700792,2.376931765,5.748137673,291,0.243922883,1861.757754,642,4857,7.034979734,0.327345422,1.515585683,3.663651334,72,0.060352054,23.01173512,4,195,6.702004065,1.111117146,3.307292165,13.6486323,231,0.193629505,33694.1207,276,255405,6.031774021,1.854476741,2.518657177,5.355711967,7,0.005867561,21.17937972,1,34,6.893979389,0.508204854,-0.9808517,-0.433769867,3,0.002514669,2.46605197,1,3,7.025575983,0.316524587,-1.024104625,-0.593818569,10,0.00838223,3.094724333,0,4.195816472,6.87647673,0.490286676,-1.378289151,0.220501596,29,0.024308466,91.03855826,1,158,6.999974613,0.415990828,0.851834403,-0.274540645,10,0.00838223,11.37049455,0,22,6.960218449,0.515639984,1.049485966,-0.328377808,58,0.048616932,4.879423658,0,5.175919651,7.075641547,0.106152076,-7.436758243,55.2140227
imiclk.com,132,0,0,0,0,25,0.189393939,40,0.303030303,2,0.015151515,66,0.5,131,1,936.4278457,-138156.4445,101424.4099,#NAME?,28.41097468,-1.868931919,15.51897844,132,1,0.098091136,0.036636,0.338082,4.761732242,0.525323817,1.688058413,4.528401504,40,0.303030303,382.3939394,249,545,4.848763551,0.264046809,0.484388232,-1.216079936,4,0.03030303,1351,758,1946,4.803254768,0.393127213,3.70E-05,-1.93898126,6,0.045454545,11.91666667,5,22,4.717390979,0.570741703,0.292216025,-1.585319088,49,0.371212121,1312.295455,505,2161,4.762769551,0.482434833,0.108180314,-1.795930361,5,0.037878788,11.34090909,4,18,4.711538556,0.569985586,0.038277678,-1.98947995,10,0.075757576,3287.515152,970,6798,4.681910532,0.642233033,0.649914337,-1.023875353,1,0.007575758,37,37,37,4.882801923,0,0,-3,1,0.007575758,2,2,2,4.882801923,0,0,-3,2,0.015151515,4.268359267,4.229003731,4.307714803,4.882759415,0.009220296,3.39E-14,-2,19,0.143939394,99.18939394,50,158,4.808458933,0.398329817,0.745366094,-1.30801639,8,0.060606061,12.78787879,6,22,4.775048179,0.481958132,0.767957891,-1.295740537,24,0.181818182,4.954571293,4.782739857,5.092563865,4.882658715,0.016912513,-0.224335603,-1.558917903
partners.org,717,0,0,0,0,132,0.184100418,94,0.131101813,10,0.026737968,351,0.938502674,716,1,284.803389,-262019.8403,101035.239,#NAME?,77.61092636,-7.603606686,91.56354225,714,0.9958159,13.48212298,0.000134,4210.539729,1.652852598,13.69038207,18.47805724,386.219106,149,0.207810321,875.7712692,204,120586,5.42618603,5.33729755,23.7227566,598.1622523,37,0.051603905,5798052.898,0,2077623957,0.709323053,18.87466919,18.85478428,353.5040278,25,0.034867503,33.71687587,5,4485,5.364982437,5.337865462,21.82300868,522.7088311,181,0.252440725,4110.306834,471,535174,5.447927442,5.131292106,22.75178762,559.8680523,27,0.037656904,36.17294282,5,5942,4.987874059,6.582012693,21.97258361,528.5591095,73,0.10181311,31336.95955,276,10556946,2.753051619,13.27805735,23.02573359,570.0965371,10,0.026737968,2.99197861,1,57,4.512881629,2.985566706,4.989675416,25.00877072,3,0.00802139,1.07486631,1,3,5.886878149,0.325937102,4.821153515,22.42127815,10,0.026737968,0.220839601,0,3.968449003,3.126431294,3.942129062,3.751200712,12.28903694,37,0.051603905,83.22454672,3,158,6.51343822,0.361104831,1.417678529,2.271380546,10,0.013947001,9.953974895,0,22,6.479380352,0.467272816,1.805677403,2.577224288,115,0.160390516,4.890757935,0.918295834,5.175919651,6.567903419,0.098252462,-7.866669631,62.14417014
adcom.com,17050,0,0,0,0,135,0.007917889,1526,0.089501466,19,0.003023071,688,0.109466985,16976,0.995718224,15.36336403,-261905.3305,71332.9745,#NAME?,326.3004309,-31.31375771,1709.806504,15976,0.937008798,0.375241852,0.000102,1548.603558,4.363824702,51.47793525,76.32905345,5867.891269,363,0.021290323,963938.692,176,1909260141,2.566975561,37.69646949,41.25183243,1792.585875,571,0.033489736,19096154.82,0,4294992304,4.879778268,12.47549238,15.40655399,257.5110995,63,0.003695015,28.49131965,2,1078,9.651372654,0.58679951,33.81141179,2011.094859,1714,0.100527859,3431.081877,428,110884,9.644874451,0.55015578,25.80474208,1393.306733,104,0.006099707,30.78680352,1,1381,9.579804134,0.768603645,27.17055934,1451.618792,1937,0.113607038,24899.57865,40,2141713,9.230134689,1.408626067,26.69978717,1446.595889,12,0.001909308,25.24805091,1,34,8.641233751,0.360849309,-1.907593075,2.621777666,3,0.000477327,2.050914877,1,3,8.712934141,0.252067306,0.07209509,0.691322816,19,0.003023071,3.298372625,0,3.97366069,8.628665143,0.354794149,-2.390260527,3.938220284,38,0.002228739,81.368739,1,158,9.692034191,0.332647846,1.622335262,3.609171567,10,0.00058651,9.706392962,0,22,9.665016904,0.427026279,2.095790167,4.254757148,116,0.006803519,4.902322281,0,5.175919651,9.737803084,0.088908491,-8.938701719,81.62725593
nih.gov,32448,0,0,0,0,138,0.004252959,5462,0.168330868,172,0.007688182,730,0.032630073,31941,0.984405338,8.066960066,-261481.0648,71924.51794,#NAME?,452.2729168,-42.67670868,3208.426233,28784,0.887080868,10.66912904,6.40E-05,5617.457696,5.149899065,16.46936341,21.5116169,507.054854,595,0.018337032,1157625.27,167,2010439389,3.50442252,33.25826451,38.56318295,1613.606563,1005,0.030972633,17367435.49,0,4295014218,5.444118277,12.9983824,16.16020828,284.069484,145,0.004468688,31.78762944,2,9421,8.9471655,6.670651492,25.56550163,782.7273078,2292,0.070636095,3503.710583,358,688044,9.129330812,5.785100181,23.27841113,595.4264259,179,0.005516519,37.1504253,0,17025,8.436573941,8.778729312,29.78527349,1151.18474,2436,0.075073964,44998.24766,0,35459944,6.776977465,14.64255757,32.19527927,1316.826193,42,0.001877347,24.72049884,1,56,9.951784008,0.339084957,-0.164507134,-0.396911114,6,0.000268192,2.399204363,1,6,9.972723877,0.2958787,0.704766782,0.762814227,150,0.00670481,3.665811121,0,4.772581706,9.994653712,0.163989457,-3.348485992,18.08500228,39,0.001201923,87.21634615,1,158,10.31439372,0.39262404,1.160752709,0.684547378,10,0.000308185,10.66629684,0,22,10.27559182,0.499945096,1.407644206,0.728155383,119,0.003667406,4.891455794,0,5.175919651,10.38006098,0.098307542,-7.989836399,64.36080685
monster.com,1732,1,0.001344086,744,1,16,0.009237875,546,0.315242494,46,0.026558891,79,0.045612009,1729,0.998844598,79.15009986,-137876.3053,85307.94893,#NAME?,105.2599216,-7.22502558,198.4571198,1714,0.98960739,0.060009616,0.000176,9.039084,6.612992,4.131902178,30.9410344,1053.500898,200,0.115473441,1231349.748,202,2132038640,0.005098245,41.59242231,41.58125272,1727.000578,215,0.124133949,15208706.3,0,4294969476,2.625907701,12.41361082,16.90820618,334.6266264,60,0.034642032,19.37297921,3,109,7.265713458,0.673969249,2.054894033,6.295508276,551,0.31812933,1841.852771,577,6411,7.3759454,0.406233069,0.934318309,2.825897941,110,0.063510393,25.38683603,1,186,7.034895052,1.110918021,2.735511477,8.657014862,591,0.341224018,34346.44226,60,238872,6.517688458,1.622167872,2.107306037,3.575406971,22,0.012702079,57.27193995,1,159,7.132138194,0.875126558,1.339165461,0.15998994,6,0.003464203,5.361431871,1,9,7.288748606,0.550937778,-0.087804897,-1.590415243,39,0.022517321,3.974489541,0,4.877218095,7.410365079,0.232320729,-3.044163441,10.8520246,14,0.008083141,91.11893764,50,158,7.382635983,0.407083742,1.133300568,-0.462799718,7,0.00404157,11.48960739,6,22,7.345581521,0.504320046,1.177953199,-0.438179816,16,0.009237875,4.932376053,4.782739857,5.105536338,7.456856731,0.018734804,0.140909814,-1.427313594
snopes.com,3936,0,0,0,0,32,0.008130081,1085,0.275660569,61,0.015497967,124,0.031504065,3911,0.993900889,17.26241088,-81633.20381,40717.02753,#NAME?,214.5677234,-6.295207611,156.6622013,3702,0.94054878,0.038145974,0.000173,10.01108,7.341392869,5.350877827,39.21500939,1704.608389,124,0.031504065,680079.4614,200,1286060419,1.059180766,37.94306697,41.39516474,1832.868733,212,0.053861789,18893009.88,0,4294969032,3.445175244,12.32389886,15.6193312,267.3821911,40,0.010162602,16.14862805,4,82,8.238124406,0.330089433,5.712912956,45.41762695,261,0.066310976,1725.182419,524,4953,8.258067687,0.20216723,1.633255883,13.15091161,53,0.013465447,13.5625,3,114,8.174607842,0.627433641,7.266301774,60.09471115,508,0.129065041,8297.139482,156,134709,7.630250004,1.983596848,6.703428237,46.62736916,8,0.00203252,29.97510163,1,34,8.249109473,0.182734783,-4.614879157,21.70643167,3,0.000762195,3.644054878,1,4,8.258624844,0.177478108,-2.293042877,6.122944563,51,0.012957317,3.657625226,0,4.195816472,8.245286381,0.183903744,-5.036456989,24.55734402,19,0.004827236,91.91742886,50,158,8.209765911,0.390788608,1.203897143,-0.346305059,7,0.001778455,11.48501016,6,22,8.172413269,0.493322146,1.262132549,-0.283412939,30,0.007621951,4.945482437,4.802628806,5.040384081,8.277798453,0.015604212,-0.084278427,-1.675842943
startrek.com,19664,1,5.09E-05,19664,1,132,0.006712775,2823,0.143561839,29,0.002793027,733,0.070596167,19478,0.990591466,13.31834634,-261825.7528,72087.71116,#NAME?,341.3053453,-36.82367694,2209.773377,17957,0.913191619,0.101183534,4.90E-05,92.290971,9.076329835,6.858200981,120.3044417,15851.52683,378,0.019222945,1397313.093,184,2136573693,3.028374319,32.75927693,37.27712309,1471.878962,477,0.024257526,16297972.92,0,4294987686,4.941191833,13.09415232,16.67937388,307.0604763,53,0.002695281,24.29948129,2,55,9.808941672,0.392424037,0.319753278,-1.02788428,1470,0.074755899,2998.155106,317,5584,9.781296245,0.452795782,0.142231952,-1.707017384,74,0.003763222,24.1880594,0,99,9.766219496,0.497987259,0.881547267,1.707626379,1570,0.079841334,15209.80818,0,79593,9.540966755,0.968209844,2.340809093,5.760476383,13,0.001252047,20.46816912,1,31,9.170761208,0.328569286,-1.372770003,2.450211986,2,0.000192623,1.929403833,1,2,9.237351009,0.132760736,-3.352765065,9.241033583,27,0.002600405,3.311885272,0,3.87314068,9.172199127,0.285070501,-2.990268923,7.720868479,38,0.001932465,85.91420871,1,158,9.819462345,0.377019054,1.249467366,1.191261977,10,0.000508544,10.43592352,0,22,9.784451478,0.480271327,1.561875141,1.385110626,114,0.005797396,4.902330791,0,5.175919651,9.879975086,0.093291584,-8.389666168,71.19438142
cbs.com,2984,1,0.000455996,2193,1,20,0.006702413,675,0.226206434,43,0.014410188,135,0.045241287,2975,0.997318136,45.28133406,-136951.3489,96018.5911,#NAME?,143.3891479,-6.55921776,316.4278563,2938,0.98458445,0.09387216,0.000171,9.409594,7.464790507,2.832388957,26.07165877,773.9095093,262,0.087801609,301467.189,207,898395052,0.020502019,54.54499623,54.59853784,2979.000335,251,0.084115282,21670768.33,0,4295058597,3.032547267,12.64446259,14.210269,209.9786455,74,0.024798928,16.5080429,3,136,7.725895685,0.890437223,3.262885039,13.83837049,897,0.300603217,1550.441689,579,7770,7.868205271,0.556017698,1.986193608,6.860313326,115,0.038538874,18.92325737,2,327,7.462091547,1.551839557,5.903466841,45.00421405,727,0.243632708,22050.59786,164,447024,6.695007447,2.719218974,5.388066451,31.08137068,23,0.007707775,32.27982574,1,44,7.949764495,0.284554632,-1.075587651,1.406803274,3,0.001005362,3.366957105,1,4,7.982142368,0.183348765,-1.065992123,2.88996567,41,0.013739946,3.976420568,0,4.465311532,7.972483374,0.179228816,-4.371513882,21.18077855,14,0.004691689,94.10824397,63,158,7.93631795,0.378387099,1.113824406,-0.512572961,7,0.002345845,11.72553619,7,22,7.898663249,0.48274749,1.184819751,-0.429081244,19,0.006367292,4.956404446,4.811382824,5.083692422,8.000876985,0.016903882,-0.118193267,-1.50063305
starwars.com,44748,0,0,0,0,138,0.003083937,4613,0.103088406,468,0.019090353,763,0.031123802,43695,0.976490044,5.855648864,-261919.5565,79521.09183,#NAME?,544.6047583,-46.78221393,4044.5835,36533,0.816416376,26.53811381,6.20E-05,5617.457696,7.574767358,7.734833968,18.33758485,395.293083,1135,0.025364262,1854120.202,189,2143108815,4.16912711,27.47412821,30.57739832,994.3482552,1987,0.044404219,18549380.88,0,4295062718,5.820872119,12.65739091,15.66344226,266.1093807,210,0.004692947,55.04342094,2,11125,9.333492331,5.887114878,23.65907991,646.649787,4107,0.091780638,5899.676946,361,855263,9.56957809,4.446934152,20.67859651,511.2385577,293,0.006547779,71.75102798,0,17025,9.019445353,6.949577929,24.09384651,667.1873905,4875,0.108943416,108660.4014,0,35459944,8.150838184,9.787568847,25.01647249,705.5454474,43,0.001754028,31.65939221,1,57,10.06092319,0.258162923,-1.636693634,4.631407809,7,0.000285539,3.836997756,1,7,10.08680145,0.178630436,-2.629752812,8.865601887,385,0.015704671,3.697955375,0,4.543851527,10.07405427,0.18678789,-4.754142127,22.59732183,39,0.000871547,82.04395727,1,158,10.65448697,0.343693963,1.686213816,3.157114517,10,0.000223474,9.603021364,0,22,10.61684891,0.465547935,2.015169489,3.362150145,119,0.002659337,4.888773681,0,5.175919651,10.70312365,0.086514861,-9.000536113,83.51741266
lordoftherings.net,5485,0,0,0,0,136,0.024794895,605,0.11030082,22,0.009113505,350,0.144987572,5480,0.999270605,47.71877031,-261849.1413,72063.40375,#NAME?,176.3278508,-20.78548105,668.3351117,5359,0.977028259,2.115424321,0.000176,984.187506,3.897648877,13.62969272,20.16075921,509.8095057,326,0.059434822,228578.8631,216,645555573,0.737974244,52.22443152,52.42575357,2749.435245,210,0.038286235,23287181.57,0,4295002968,3.761067612,12.04614763,13.78405215,198.9032027,75,0.013673655,30.00765725,5,595,8.511694551,0.569965184,13.75730204,364.4808542,987,0.179945305,3505.972106,613,57687,8.500678277,0.556166749,10.24326542,237.5452007,103,0.018778487,33.73199635,2,831,8.456358155,0.701262147,11.57177489,305.6227349,691,0.125979945,33745.92944,156,1026426,8.254535749,1.059169779,6.260809212,121.2468803,16,0.006628003,24.40803645,1,48,7.635546877,0.454127257,-1.12262011,0.145865847,3,0.001242751,1.850869925,1,3,7.766812351,0.195575346,-1.838230449,1.850558852,21,0.008699254,3.284077843,0,4.131300343,7.630883966,0.415954764,-1.936950535,1.881618684,39,0.007110301,82.83701003,1,158,8.546680525,0.361533291,1.330226841,2.364070116,10,0.001823154,9.958614403,0,22,8.514513383,0.46099738,1.752870244,2.679305839,117,0.021330902,4.881808805,0,5.175919651,8.600999101,0.108314621,-7.196430096,51.27756752
nhl.com,3301,1,0.000742942,1346,1,18,0.005452893,932,0.282338685,88,0.026658588,92,0.027870342,3292,0.997575758,11.43181505,-39809.87083,21948.08174,#NAME?,173.9288417,-6.775616417,164.7793806,3213,0.973341412,0.074440163,0.000101,51.507728,6.497914404,12.24899057,54.68902783,3067.12166,220,0.066646471,801506.5486,212,811052878,1.381750321,29.01821988,29.6387878,895.1779257,306,0.092699182,21657397.24,0,4294972723,3.221581992,12.24590148,14.21684247,213.6963799,44,0.013329294,15.79430476,3,85,7.968127545,0.556595765,2.483183125,12.30789096,729,0.220842169,1574.328385,484,5220,8.021673692,0.39485112,0.577784526,2.640164615,94,0.028476219,16.78370191,0,207,7.819157984,0.996385494,5.461428999,42.96648836,853,0.258406543,16580.47531,0,274335,7.101254612,2.205159906,5.181866868,29.35713201,37,0.011208725,29.69827325,1,66,8.021113004,0.390451263,0.350683187,0.086535694,6,0.001817631,3.249621327,1,6,8.03654838,0.358987592,0.219921826,-1.102761229,76,0.023023326,3.73299471,0,4.531421822,8.076309356,0.178493074,-3.422230846,16.49190847,10,0.003029385,91.74280521,68,158,8.034822582,0.389913562,1.276995982,-0.290068351,4,0.001211754,11.46258709,8,22,7.996537992,0.494939563,1.296239444,-0.269008534,17,0.005149955,4.945616457,4.85215372,5.063202513,8.101868476,0.014984176,0.023421444,-1.464887108
imdb.com,984,2,0.002380952,555,0.660714286,35,0.035569106,252,0.256097561,13,0.013211382,144,0.146341463,981,0.997965412,266.4738674,-261944.4526,85974.90972,#NAME?,73.40423058,-9.141041994,131.165549,976,0.991869919,0.064217023,0.000231,10.003606,5.046393267,6.926200796,18.78172132,368.0484448,95,0.096544715,318.3546748,196,512,6.847826062,0.304541037,0.829498982,-0.735046112,47,0.047764228,19089954.53,0,4294974739,1.842520913,13.33810941,15.34133331,245.9587574,18,0.018292683,16.58638211,4,34,6.86586805,0.235478165,1.546075189,4.304103675,180,0.182926829,1689.072154,744,2448,6.87227257,0.191930187,-0.35466251,0.695484441,27,0.027439024,15.80792683,5,39,6.834771174,0.360795855,1.720260996,2.801293402,155,0.157520325,13179.25711,224,38397,6.640351437,0.722718929,1.011618506,0.642308109,7,0.007113821,20.73780488,1,33,6.650420664,0.61120881,-0.422083232,-1.564928529,3,0.00304878,4.739837398,1,8,6.600540953,0.697901928,-0.223057617,-1.906749689,12,0.012195122,2.975596422,0,4.084962501,6.710874961,0.469285194,-1.236164092,0.179500863,20,0.020325203,88.03760163,1,158,6.77817985,0.466857908,0.636399762,-0.288942428,9,0.009146341,11.07215447,0,22,6.73354529,0.562466367,0.874499453,-0.408916492,34,0.034552846,4.764158688,0,5.073972602,6.869948636,0.170360859,-4.514914693,18.70490175
afms.mil,24282,1,4.12E-05,24282,1,134,0.005518491,3639,0.149864097,107,0.007234129,346,0.023392604,23926,0.985379515,10.7900862,-261820.5248,71914.73621,#NAME?,372.261119,-42.62026856,2902.437723,20951,0.862820196,4.342558604,8.20E-05,4362.302489,5.787574478,13.10704122,43.89189572,2945.191587,490,0.020179557,1738440.152,200,2147321397,3.440501759,29.35002427,33.14724971,1173.093208,821,0.033811053,19016722.89,0,4294986665,5.246825539,12.40020207,15.50320151,261.777845,98,0.004035911,26.06115641,2,3176,9.811627096,1.691206153,37.76411404,2272.441799,1593,0.065604151,3227.628737,360,321775,9.816533657,1.473264119,31.992887,1768.096911,124,0.005106663,26.9890042,0,4093,9.682543963,2.176153605,36.352329,2054.27677,2079,0.085618977,21616.40833,0,5083768,8.972817104,4.388776886,28.92900422,1086.004378,32,0.002163478,28.85944155,1,99,9.565495084,0.235392296,-0.938805791,11.38378505,5,0.000338043,2.813400041,1,8,9.586051894,0.164679872,-1.72028357,9.630331941,88,0.005949564,3.828628628,0,4.814611881,9.575084165,0.172087261,-4.758213172,24.1514775,38,0.001564945,86.50988386,1,158,10.03221569,0.37555185,1.315178681,1.052809353,10,0.000411828,10.52240343,0,22,9.995610574,0.482786874,1.549682044,1.164780639,116,0.004777201,4.911484123,0,5.175919651,10.09251056,0.080903012,-9.650766515,96.45018768
google-analytics.com,2913,1,0.003816794,262,1,135,0.046343975,728,0.249914178,3,0.001131648,2647,0.998491135,2912,1,88.57798423,-262040.1315,71806.60198,#NAME?,131.0684963,-14.85104962,345.3555048,2798,0.960521799,4.959440082,0.000143,164.07067,5.501135732,3.392503884,3.381018902,11.70615483,104,0.035702025,1117280.145,228,996907437,1.622820637,25.17133684,28.23357055,848.0939515,61,0.020940611,18219016.59,0,4294974110,3.129322444,12.25345893,15.28168495,260.0210439,30,0.010298661,18.4740817,3,364,7.952615426,0.384643949,40.74034913,1935.151612,179,0.061448678,1921.644696,413,36079,7.947941335,0.390044372,34.02608266,1495.765107,38,0.013044971,19.84586337,1,629,7.928378832,0.613485062,43.40166623,2151.756967,122,0.041881222,20443.08308,252,1447554,7.857680219,1.320801278,50.74445236,2676.34719,2,0.000754432,10.54470011,10,371,7.743893628,1.328832396,25.68562849,657.7515111,2,0.000754432,1.001508865,1,2,7.882111355,0.038756312,25.68562849,657.7515111,3,0.001131648,3.172586561,3.169925001,4.935101029,7.882493342,0.021580909,25.68564724,657.7527962,38,0.013044971,93.50188809,1,158,7.890465609,0.419889744,0.751958177,-0.603997415,10,0.003432887,11.74013045,0,22,7.848589152,0.521206768,0.917428465,-0.706619936,116,0.03982149,4.88437438,0,5.175919651,7.968316764,0.106092336,-7.468519241,55.78565503
newsdayinteractive.com,61,0,0,0,0,31,0.508196721,14,0.229508197,1,0.016393443,61,1,60,1,1674.606109,-160991.6091,86422.67978,#NAME?,23.01499298,-2.290934691,8.325107585,61,1,0.022331213,0.000249,0.05463,3.96396103,0.48930494,-0.06173362,0.502538009,18,0.295081967,350.4098361,252,518,4.074925337,0.277074158,0.938238811,-0.772783302,23,0.37704918,4264.918033,4139,5047,4.110089247,0.040399748,3.118688828,11.07202211,3,0.049180328,15.90163934,7,19,4.107306932,0.07613526,-6.240940962,45.61469464,20,0.327868852,1802.901639,1164,2206,4.102785569,0.128735554,0.757599338,0.090718771,7,0.114754098,15.68852459,9,24,4.094477733,0.185939197,1.149031883,0.969527779,32,0.524590164,13439.86885,6070,16413,4.10689097,0.082303341,-4.333442015,30.54924041,1,0.016393443,28,28,28,4.110873864,0,0,-3,1,0.016393443,3,3,3,4.110873864,0,0,-3,1,0.016393443,3.83326969,3.83326969,3.83326969,4.110873864,0,0,-3,19,0.31147541,91.68852459,3,158,4.016145376,0.42716034,0.630265384,-0.184346659,9,0.147540984,11.44262295,0,22,3.973036901,0.528049212,0.899234254,-0.378109188,31,0.508196721,4.823480624,0.918295834,5.175919651,4.094162065,0.150158829,-5.125465953,24.71332707
doubleclick.net,2294,3,0.001307759,1825,0.795553618,121,0.052746295,516,0.224934612,142,0.06190061,148,0.064516129,2292,0.99956389,113.8742468,-261958.0106,85585.4085,#NAME?,104.8034103,-12.41071825,275.0158353,2262,0.986050567,16.93846716,0.000115,5109.355486,3.166931911,12.47188168,17.49666945,336.3131545,292,0.127288579,850308.0183,255,1949057762,0.011671792,47.847241,47.86439588,2289.000407,55,0.023975588,11273227.59,0,4294967583,2.157153761,17.4055875,19.71156267,403.4963433,50,0.02179599,30.31081081,2,9408,4.961648998,10.14575561,21.16271599,510.8947074,537,0.234088928,3056.988666,480,681767,5.466722834,8.272735835,19.09933294,401.2887582,55,0.023975588,38.6255449,1,14705,4.383030641,11.93643223,22.02659252,563.9692069,108,0.047079337,56436.45161,60,33505928,2.519517575,17.27216107,24.63070776,712.9708043,28,0.012205754,80.88840453,19,296,7.607237191,0.590819464,3.008790812,10.9852938,6,0.002615519,2.882737576,1,8,7.616886517,0.496925562,1.120896792,3.335332473,118,0.051438535,4.495791375,3.683542362,5.162683822,7.736645067,0.052460054,-1.145808973,2.231563566,36,0.015693112,91.02005231,3,158,7.649072469,0.422641336,0.789381111,-0.212844797,10,0.004359198,11.2423714,0,22,7.60147984,0.536458021,1.005629263,-0.363815724,107,0.046643418,4.860836467,0.918295834,5.175919651,7.728725197,0.114787968,-6.168686242,37.53608473
test.bluenet,13443,1,0.125,8,1,135,0.010042401,415,0.030871085,2,0.00120048,1658,0.995198079,13422,0.998512126,19.49117986,-261889.3265,71333.93271,#NAME?,286.9132067,-28.9507963,1411.837603,12769,0.949862382,0.14410205,0.000128,9.622916,9.146498298,1.644701784,18.31928348,496.2488462,277,0.02060552,737249.4325,168,1728618844,2.186475875,41.09330675,47.14905336,2393.888842,269,0.020010414,11358418.09,0,4294979362,4.381077071,14.56868954,19.97327327,462.9186039,48,0.003570632,32.73569888,2,52,9.477508149,0.227611989,-0.896195078,0.299568526,904,0.067246894,4073.061668,334,5410,9.472211065,0.237573048,-1.694865987,1.720922494,63,0.004686454,35.33020903,2,69,9.468480729,0.267091608,-0.071958353,0.780724674,1008,0.074983263,24875.10578,149,39630,9.408372086,0.416335793,-0.38318223,-1.269967163,2,0.00120048,1.038415366,1,9,7.364431503,0.532575447,14.32671718,203.2548251,2,0.00120048,1.004801921,1,2,7.416346188,0.068798949,14.32671718,203.2548251,2,0.00120048,0.013480696,0,2.807354922,2.079441542,14.39618005,14.32671718,203.2548251,38,0.00282675,77.06494086,1,158,9.471455485,0.2585082,1.324957151,8.396597606,10,0.000743882,8.976418954,0,22,9.457179089,0.321533223,2.452258049,11.33251448,116,0.008629026,4.895177358,0,5.175919651,9.498963828,0.097334159,-8.143761761,66.77324842
doe.gov,4361,0,0,0,0,32,0.007337767,1075,0.246503096,64,0.014675533,138,0.031644118,4341,0.995642202,59.21619721,-258182.4327,95709.36185,#NAME?,158.4841292,-17.40887938,536.4031307,4107,0.941756478,0.036307681,0.000102,9.782037,7.261214943,5.866104974,33.35210223,1277.942213,157,0.036000917,1222838.712,207,1864692888,1.336386844,34.64340784,37.00793554,1429.371377,289,0.066269204,18045370.88,0,4294976730,3.43803082,13.07199423,16.09872954,277.0500517,59,0.013529007,17.91722082,2,124,8.281302768,0.587820337,6.094847484,41.98360636,448,0.102728732,1839.951387,411,7134,8.345022237,0.299346174,4.292915473,27.65111002,98,0.02247191,18.1323091,1,357,8.005934317,1.405374545,7.473468475,70.10046393,799,0.183214859,21586.10204,60,486201,7.080855886,2.979763028,6.004665996,37.50319739,25,0.00573263,36.14629672,1,53,8.346797742,0.22790676,-1.601787246,4.178650341,3,0.000687916,2.611327677,1,3,8.35279974,0.221135118,-1.187657961,0.408604261,64,0.014675533,3.95539015,0,4.413716068,8.361581445,0.145925032,-5.375750869,33.29727335,21,0.004815409,94.08117404,3,158,8.300813456,0.405817643,0.811862683,-0.58653108,8,0.001834442,11.76977757,0,22,8.259510492,0.509105787,0.961490015,-0.663930109,30,0.006879156,4.903108017,0.918295834,5.094773155,8.374128254,0.092306272,-8.374139384,70.69766009
hbo.com,19891,0,0,0,0,137,0.006887537,2568,0.129103615,168,0.016149188,681,0.065461886,19730,0.991955757,13.15891126,-261990.2162,79507.05408,#NAME?,345.5775998,-36.22073713,2177.99196,18205,0.915238047,4.944624077,3.60E-05,5109.355486,4.873603227,20.27207637,40.12567908,1814.638588,544,0.027349052,1219749.151,166,1995782110,2.907244016,34.49826957,38.39209074,1559.420393,794,0.039917551,19525390.86,0,4295039513,5.211692085,11.43998677,14.94693622,254.7000408,144,0.007239455,30.34417576,2,9408,9.227608582,5.235652965,49.55897853,2686.495431,1855,0.093258258,3425.351817,399,681767,9.442019815,3.468529104,46.13523501,2387.385752,240,0.012065758,34.59805942,0,14705,8.863191498,7.166044505,49.89480328,2716.050691,1943,0.097682369,34785.24619,0,33505928,7.192884443,15.96065577,51.93280373,2900.670308,48,0.004614054,36.55666635,1,70,9.153817423,0.369967929,-1.198517255,0.800781763,6,0.000576757,3.335960781,1,6,9.19850993,0.298461572,-0.818423248,0.056859592,166,0.015956935,3.766456497,0,4.491459931,9.179110694,0.276455346,-3.034207041,8.250444746,38,0.001910412,83.94660902,1,158,9.835676622,0.364362176,1.420022026,2.048042743,9,0.000452466,10.10205621,0,22,9.801213197,0.470370027,1.756049821,2.251105416,119,0.005982605,4.892979051,0,5.175919651,9.891017623,0.095976923,-8.195063896,67.91323081
cnet.com,288,2,0.017241379,73,0.629310345,23,0.079861111,69,0.239583333,7,0.024305556,73,0.253472222,287,1,471.3839327,-257135.019,101272.9785,#NAME?,57.32663055,-4.449966242,44.28789838,287,0.996527778,0.132019427,0.000268,10.016686,4.405632726,4.483635642,16.17110465,267.0150525,95,0.329861111,6436523.604,209,980537362,0.692298181,11.97784064,11.93540111,140.9362931,61,0.211805556,19259927.25,317,4294967296,0.658687393,13.47898126,15.70570139,253.2292572,55,0.190972222,29.60763889,3,136,5.346481633,0.880653047,1.711709136,2.366738896,181,0.628472222,2251.694444,589,7746,5.518586948,0.571282202,1.576522808,2.866712862,70,0.243055556,38.11111111,2,222,5.167000038,1.183779383,2.274398512,4.775136853,142,0.493055556,59607.48264,112,286275,4.851070977,1.443200149,1.849154375,2.154351826,6,0.020833333,24.13888889,1,42,5.390222229,0.623244514,-0.468063996,-1.089177795,3,0.010416667,2.340277778,1,4,5.480234963,0.592989418,0.156477509,-1.843969475,7,0.024305556,3.112371676,0,4.820966639,5.36821232,0.593698632,-0.96344233,-0.789083729,18,0.0625,94.80902778,3,158,5.592750623,0.3852184,0.907555089,-0.547723368,8,0.027777778,11.83333333,0,22,5.554661252,0.486833181,1.043442434,-0.563906855,22,0.076388889,4.936504463,0.918295834,5.105536338,5.659320893,0.070154771,-10.835671,122.8585829
adelphia.net,3393,3,0.00388601,378,0.489637306,23,0.006778662,948,0.279398762,76,0.022399057,89,0.026230475,3384,0.997641509,39.97422684,-135760.9523,71669.4457,#NAME?,141.2363522,-13.04854103,419.0590751,3306,0.974358974,0.224710687,0.00015,19.009825,4.786905279,7.814839974,9.620936852,92.14097659,230,0.06778662,529816.4981,209,1535958872,0.424950952,50.47000294,56.07005339,3203.686507,420,0.123784262,62362318.49,0,4294972245,4.029521107,7.927125011,8.235229873,66.9836412,68,0.020041261,17.05806071,2,169,7.977820623,0.694350822,5.346152605,39.7263856,608,0.179192455,1802.01061,453,9522,8.072253117,0.360843528,3.118187105,24.1851265,100,0.029472443,17.69613911,1,246,7.786481589,1.215050903,6.273227414,49.54682135,889,0.262010021,15814.38373,40,319446,6.834489227,2.589270445,5.27736623,32.42477408,32,0.009431182,50.45770704,1,142,7.967218825,0.587343942,1.48944177,3.053668852,7,0.002063071,4.890067787,1,9,8.024335324,0.433083775,-0.246662819,-1.220726519,57,0.016799293,3.948676175,0,5.143689278,8.096132782,0.200779851,-3.227179813,13.72996672,15,0.004420866,93.06778662,55,158,8.058454061,0.396750711,1.092023217,-0.60376094,6,0.001768347,11.63925729,7,22,8.019329001,0.501060673,1.158001708,-0.542019943,22,0.006483938,4.937240212,4.756967643,5.105536338,8.129283535,0.019298082,-0.001925388,-1.310895313
stumbleupon.com,1274,0,0,0,0,19,0.014913658,370,0.290423862,39,0.030612245,36,0.028257457,1272,0.999214454,38.75222107,-53174.81754,17917.46435,#NAME?,96.54102561,-8.256672885,117.0537795,1259,0.98822606,0.027980629,0.000154,0.534783,6.815866643,1.017213027,6.509129342,87.31806799,95,0.074568289,4362350.941,223,2124122692,1.460914396,18.56510079,21.99797048,516.7105317,211,0.165620094,43336431.78,0,4294972761,2.884869986,8.874848756,10.04358736,104.5953433,18,0.014128728,15.94191523,2,25,7.131939229,0.176580624,-1.454219331,4.925968971,223,0.175039246,1762.931711,389,2515,7.131392453,0.181856653,-1.101331519,3.087314252,27,0.021193093,14.82653061,0,36,7.106293913,0.297570506,1.042508909,3.513883998,463,0.363422292,10561.0102,0,31200,6.982103357,0.576692528,0.804826511,0.910554718,14,0.010989011,23.03610675,1,33,7.100094235,0.277599157,-1.229412342,2.278480812,2,0.001569859,1.971742543,1,2,7.145620985,0.084041141,-5.693677902,30.41796805,27,0.021193093,3.567376022,0,4.105388542,7.113131765,0.20996704,-3.367810123,12.16435906,14,0.010989011,98.30376766,63,158,7.079052037,0.391846056,0.868493417,-1.170452604,5,0.003924647,12.42307692,7,22,7.037922981,0.496314113,0.883675228,-1.1668158,18,0.014128728,4.963611552,4.85215372,5.063202513,7.149803507,0.015039515,-0.403082094,-1.426813093
wvu.edu,5526,0,0,0,0,32,0.005790807,1416,0.256243214,90,0.016286645,135,0.024429967,5469,0.989864253,46.90252221,-259137.0153,86973.39586,#NAME?,175.8787824,-20.93971347,718.7572065,5131,0.928519725,0.032377815,0.000124,9.995952,7.623621671,5.798090562,40.19241015,1811.758782,203,0.036735433,2951230.901,194,2144145550,2.550775933,21.46256079,23.81957812,612.079896,394,0.071299312,24410108.68,0,4294975652,4.000940207,10.90992031,13.39945063,195.454938,40,0.007238509,15.89685125,2,67,8.588563289,0.270093066,4.853338603,37.43449058,527,0.095367354,1763.069128,369,4149,8.605220478,0.158875552,1.647738687,8.577750844,60,0.010857763,14.41096634,0,87,8.528662643,0.523174147,4.998152412,31.10897508,793,0.143503438,9966.477742,0,96639,7.980279546,1.522674922,3.558707019,13.77770354,42,0.007600434,37.85016287,1,66,8.532969449,0.381043434,-0.209645112,-0.222818763,5,0.000904814,3.44480637,1,6,8.517868492,0.446490092,0.533019473,-0.696969739,85,0.015381831,3.892768498,0,4.39856294,8.589576807,0.175129256,-4.625836447,23.22344575,24,0.004343105,96.90101339,1,158,8.545644172,0.387266943,0.797105525,-0.796982399,9,0.001628664,12.21226927,0,22,8.509133313,0.483379248,0.92619392,-0.819365287,32,0.005790807,4.939127816,0,5.110015734,8.613413261,0.067627709,-12.15794471,159.5186535
fucked.com,54171,0,0,0,0,10,0.000184601,53539,0.988333241,23,0.000424581,53991,0.996677189,53857,0.994221894,4.837722553,-261990.4611,71250.43051,#NAME?,642.0296864,-42.23377545,3739.039633,25789,0.47606653,165.9543525,1.80E-05,31342.77948,5.892378276,13.32306887,13.98120425,194.0586449,3366,0.062136568,61905821.23,0,4294968280,7.151942097,7.005689233,8.383243967,74.33323332,7074,0.130586476,10888519.29,0,4294968535,6.063192603,12.04792295,14.86605414,270.1690775,248,0.004578095,101.2262281,0,8262,10.0108298,3.003672728,15.42688714,307.2983691,5628,0.103893227,24124.08442,0,817977,10.14470982,1.884520447,9.635263325,116.2781149,335,0.006184121,142.2311015,2,13771,9.849998059,3.459498085,16.12964077,337.4485466,13030,0.240534603,97859.91584,92,30760663,8.108197988,9.14703392,23.36445414,700.5614389,15,0.000276901,0.011482158,0,83,4.083815783,44.80433493,99.94274738,13645.03245,4,7.38E-05,0.003636632,0,3,5.116833584,18.7655672,23.47981139,707.7668291,19,0.000350741,0.001579919,0,4.350041016,3.237858054,46.495806,47.87078548,2345.510399,8,0.00014768,1.136696757,1,79,10.59551873,2.036828093,20.55973493,460.0446387,5,9.23E-05,0.006737923,0,7,4.917496869,21.24994418,28.605747,1042.474209,10,0.000184601,0.020764813,0,4.860577243,6.147352263,12.14337838,16.00714491,275.4850917
wikibooks.org,2154,1,0.000464253,2154,1,33,0.015320334,396,0.183844011,24,0.011142061,127,0.058960074,2149,0.998142127,72.52944759,-163717.9589,85530.32461,#NAME?,119.3620014,-7.933219867,202.4456551,2103,0.97632312,0.101092506,7.10E-05,51.8369,6.058924419,11.2484572,44.02776573,1988.824138,180,0.08356546,355.1467038,204,575,7.639774439,0.274015626,0.959774496,-0.225369262,43,0.01996286,9164327.053,0,4294973301,1.84829843,19.40503238,21.78487456,497.2157608,29,0.013463324,12.35283194,2,49,7.445552072,0.695833838,0.906139812,0.486231979,482,0.223769731,1248.749304,381,3351,7.540612935,0.523202949,0.507069518,-0.959380533,48,0.022284123,12.45078923,0,105,7.371591632,0.924276019,3.334787321,17.97575468,174,0.080779944,7719.487929,0,130248,6.157420826,2.844469017,4.697550006,22.23710188,15,0.006963788,33.18291551,1,54,7.604148238,0.323781135,-0.977516457,2.418957446,4,0.00185701,2.096564531,1,4,7.649685482,0.233430616,1.673744056,5.70536556,24,0.011142061,3.916792751,0,4.476064195,7.623441118,0.235573324,-3.64521561,12.57049412,18,0.008356546,91.42107707,50,158,7.616247073,0.362464743,1.288044762,0.177524767,8,0.00371402,11.26230269,6,22,7.582786961,0.464265384,1.447960731,0.369782224,32,0.014856082,4.955011153,4.762986135,5.094773155,7.674940428,0.016802504,-0.32232717,-1.099062196
stratcom.mil,6812,0,0,0,0,134,0.019671169,585,0.085877863,10,0.004145937,693,0.287313433,6802,0.998678608,38.47286167,-261948.8178,72048.28446,#NAME?,193.1081547,-24.27396369,881.717321,6667,0.978714034,0.482149545,0.000198,369.837887,4.59611005,19.03146883,29.57106778,976.4644156,309,0.045361127,1478063.391,168,2037546179,1.967019712,32.07883373,35.37390747,1327.688317,240,0.035231944,13243281.99,0,4295045956,3.751871217,14.09967192,18.4662434,384.9881865,87,0.01277158,33.85642983,2,1033,8.698044214,0.693973902,23.39569039,964.2317789,1513,0.222108045,3688.961098,421,63078,8.719471828,0.511510589,10.13123951,299.9579833,142,0.020845567,43.08162067,2,2705,8.557462213,1.286061913,33.08745705,1563.132725,1069,0.156928949,56175.04903,216,6665801,8.153060912,2.346007256,37.33287322,1855.32854,8,0.00331675,11.45066335,1,27,7.47384508,0.724535663,0.110554717,-1.331951656,3,0.001243781,1.289386401,1,3,7.730064114,0.356629185,1.018162324,-0.714881585,10,0.004145937,2.266527567,0,3.788754914,7.445209031,0.6442575,-0.847249792,-1.157510528,39,0.005725191,80.74192601,1,158,8.771038794,0.337679229,1.466629098,3.742186217,10,0.001467998,9.589401057,0,22,8.743198647,0.432294984,2.03526626,4.427632514,115,0.016881973,4.884033203,0,5.175919651,8.817639318,0.107447416,-7.350875937,53.88278942
ibsys.com,558,1,0.001792115,558,1,17,0.03046595,170,0.304659498,19,0.034050179,33,0.059139785,557,1,90.36201591,-51438.9132,25615.06279,#NAME?,62.92262861,-4.76892918,45.13095815,552,0.989247312,0.02977109,0.000531,1.061856,5.754812709,2.175727785,14.19485289,220.4311416,98,0.17562724,2392819.391,225,806795173,0.673497754,17.03126849,17.63112616,318.7035236,100,0.17921147,17404074.12,0,2522786502,1.750219938,10.25921987,11.08237763,126.6683959,18,0.032258065,16.75448029,3,40,6.294766596,0.249252082,1.726984189,9.076349427,148,0.265232975,1812.048387,439,3088,6.307374024,0.180728289,-0.065897195,2.359950359,29,0.051971326,16.52688172,1,81,6.213860184,0.560158369,3.969279349,21.33255732,198,0.35483871,15687.75627,40,96882,5.851065297,1.244638798,3.279909074,10.64666367,11,0.019713262,33.84587814,22,60,6.264235356,0.353975908,0.642106185,-0.880346034,3,0.005376344,3.758064516,3,5,6.295841041,0.242213752,0.49536007,-1.610040195,17,0.03046595,3.597756793,3.065957321,4.317589586,6.316739925,0.124137897,0.354766036,-1.566017198,15,0.02688172,99.34408602,50,158,6.24748075,0.40242353,0.664687392,-1.307162784,8,0.014336918,12.64695341,6,22,6.208771673,0.498126028,0.74159309,-1.309893618,17,0.03046595,4.955806442,4.785754485,5.067566084,6.324204691,0.017545938,-0.366552956,-1.50941878
dswshoes.com,3,0,0,0,0,2,0.666666667,2,0.666666667,1,0.333333333,3,1,2,1,0.038138509,-24814.88035,24814.95662,#NAME?,650652.5627,0,-2,3,1,0.162356667,0.056285,0.306748,0.888902419,0.651530733,0.495846376,-1.5,3,1,380,312,471,1.083426672,0.176099632,0.4749545,-1.5,2,0.666666667,587,491,635,1.091718985,0.115642676,-0.707106781,-1.5,3,1,10.33333333,5,16,1.000617526,0.435185083,0.110780118,-1.5,3,1,1346,625,1825,1.01473365,0.385530376,-0.598101867,-1.5,3,1,9.333333333,5,15,0.999937549,0.44892161,0.445109265,-1.5,3,1,1218.666667,356,2541,0.806039599,0.779044047,0.612753975,-1.5,1,0.333333333,1,1,1,1.098612289,0,0,-3,1,0.333333333,1,1,1,1.098612289,0,0,-3,1,0.333333333,0,0,0,#NAME?,0,0,-3,2,0.666666667,98,68,158,1.010984315,0.432922519,0.707106781,-1.5,2,0.666666667,12.66666667,8,22,0.972480932,0.521026049,0.707106781,-1.5,2,0.666666667,4.914032673,4.85215372,5.037790578,1.098454376,0.017808195,0.707106781,-1.5
financialcontent.com,56,1,0.017857143,56,1,16,0.285714286,16,0.285714286,1,0.017857143,56,1,55,1,2453.524819,-130908.7041,106280.3757,#NAME?,11.82874431,-0.27332108,10.79089674,56,1,0.158392625,0.01084,1.095589,3.466565164,1.430396716,3.382163131,10.63109556,30,0.535714286,402.7857143,273,617,3.998454511,0.237063824,0.84197061,0.030343798,4,0.071428571,76699482.59,3575,4294970997,0.000697705,7.415846832,7.281358515,51.01818182,6,0.107142857,12.80357143,6,22,3.910714731,0.474720772,0.183429418,-1.728144639,36,0.642857143,1390.892857,712,2392,3.934032472,0.422316587,0.092326351,-1.769732785,8,0.142857143,11.58928571,5,21,3.901590437,0.492119179,0.175504314,-1.704744908,12,0.214285714,7755.839286,2751,12219,3.884385854,0.521210683,0.068581201,-1.985829241,1,0.017857143,44,44,44,4.025351691,0,0,-3,1,0.017857143,1,1,1,4.025351691,0,0,-3,1,0.017857143,4.40825458,4.40825458,4.40825458,4.025351691,0,0,-3,15,0.267857143,86.53571429,50,158,3.962116371,0.380224244,1.480590579,0.710379637,8,0.142857143,10.75,6,22,3.930985039,0.473756949,1.600592119,0.914171246,16,0.285714286,4.940195493,4.782739857,5.073972602,4.025182796,0.018378321,0.001005446,-1.528564135
rachaelray.com,1383,0,0,0,0,32,0.023138106,349,0.252349964,20,0.014461316,136,0.098336949,1379,0.997829233,176.3298603,-232105.8948,71403.23409,#NAME?,72.67144681,-8.68992796,154.9528546,1369,0.989877079,0.047360756,0.000206,7.628222,6.023690386,5.540263646,25.08569599,665.4141159,121,0.087490962,1388995.293,208,1920516900,0.003986081,37.1662826,37.14836098,1378.000724,72,0.052060738,17205876.84,633,4294979364,2.388944785,12.15408132,15.49468263,276.2911117,17,0.012292119,17.96384671,6,37,7.205167337,0.239989119,1.382766262,2.953459757,293,0.211858279,1814.052784,572,2677,7.214208713,0.185145205,-0.206069627,0.68382025,37,0.026753435,17.90238612,5,51,7.151436526,0.429842015,1.622775975,2.871989474,231,0.1670282,18756.8055,336,53274,6.954399302,0.757933104,0.815046962,-0.504357533,15,0.010845987,20.65509761,1,43,7.075868637,0.505001986,-0.141712667,-0.482252933,3,0.002169197,2.361532899,1,3,7.179109938,0.307488041,-0.672823392,-0.84218681,20,0.014461316,3.08100562,0,4.58418372,7.116269729,0.368778931,-1.757883158,2.530398406,19,0.01373825,90.69992769,3,158,7.12510461,0.460302301,0.648731784,-0.64513552,8,0.005784526,11.38828633,0,22,7.078415058,0.562748336,0.850922042,-0.735064145,28,0.020245842,4.824551034,0.918295834,5.110015734,7.218018674,0.137353138,-5.614357315,30.18014374
reuters.com,1227,1,0.029411765,34,1,21,0.017114914,330,0.268948655,21,0.017114914,76,0.06193969,1224,0.998368679,110.7026894,-137037.0426,83006.66901,#NAME?,87.68932773,-6.383355005,140.4546722,1220,0.994295029,0.656462768,0.000112,51.479006,4.418194223,5.125740963,6.971011864,61.62988469,176,0.143439283,152830.6544,202,187071150,0.03399594,34.92980488,34.98572301,1222.000815,144,0.117359413,136453615.4,0,4294970279,3.72086475,5.426549229,5.370907256,27.08092193,61,0.049714751,15.81499593,2,112,6.896838771,0.805462562,3.672971364,16.79860973,606,0.493887531,1508.00489,414,6576,6.997607,0.512104277,1.955927933,7.404865308,74,0.060309698,16.94621027,0,183,6.677404544,1.319111694,4.809677757,26.57412765,442,0.360228199,17276.76284,0,233757,6.002172405,2.302363102,4.429466161,20.02024786,16,0.013039935,29.96740016,1,66,7.026604178,0.367875212,-0.089279011,3.205976318,4,0.003259984,2.994295029,1,5,7.085913483,0.215092359,-0.690335321,5.638518955,20,0.016299919,3.334622789,0,4.33206182,7.046038614,0.270015344,-2.955164904,8.436185216,16,0.013039935,96.01385493,50,158,7.036880575,0.403369085,0.854887784,-1.022295202,7,0.005704971,12.05704971,6,22,6.996868472,0.506367458,0.962232695,-0.962472356,20,0.016299919,4.952790418,4.802628806,5.175919651,7.112161451,0.018228016,0.15385611,-0.953333851
gawker.com,7652,1,0.000130685,7652,1,46,0.0060115,2036,0.266074229,77,0.010062729,139,0.018165186,7605,0.993987714,33.62011559,-257228.3037,72331.97552,#NAME?,204.5171586,-26.05681727,1036.259213,7295,0.953345531,0.066349542,5.90E-05,51.302208,7.524899223,12.48987581,61.48769208,3792.725338,318,0.041557763,247809.8266,228,1105560187,0.794284987,61.46232992,65.0730765,4358.593795,364,0.047569263,16529947.82,0,4294975971,3.982421935,13.18410873,16.6002156,301.0408812,70,0.009147935,16.30737062,2,109,8.790376286,0.611974255,2.978011252,15.9441548,1192,0.155776268,1701.64689,454,6492,8.864385121,0.39280687,0.839639264,4.360391753,132,0.017250392,17.5704391,0,243,8.625983767,1.05477226,5.10056836,38.00587698,1342,0.175378986,18399.12245,0,320196,7.742281152,2.310667814,4.597569591,24.52018631,32,0.004181913,43.14545217,22,68,8.911149619,0.250133963,0.19928389,-0.474868041,3,0.000392054,5.035546262,4,6,8.926574551,0.178732416,-0.069789318,-1.761884791,74,0.009670674,3.848846735,3.004886164,4.516112447,8.93819226,0.094323708,-0.47515648,-0.853198181,25,0.00326712,94.20439101,1,158,8.849565924,0.429558538,0.634381925,-0.657795855,9,0.001176163,11.85611605,0,22,8.80493399,0.53208879,0.808639591,-0.838516318,42,0.005488761,4.861830144,0,5.073972602,8.931567891,0.122882988,-6.190117041,37.32309579
kbb.com,2919,1,0.000358038,2793,1,22,0.007536828,756,0.258992806,62,0.021240151,86,0.029462145,2909,0.996915696,46.71733185,-138097.6935,86221.11036,#NAME?,137.339177,-8.971941489,331.370198,2850,0.976361768,0.051799168,0.000163,15.26476,6.818434691,6.720482804,38.45551424,1547.922469,221,0.07571086,1978123.823,195,1801133916,1.345716455,28.04288299,29.40845752,888.9027808,340,0.116478246,32552101.29,0,4294975307,3.478119677,10.10272473,11.58953079,140.3728554,41,0.014045906,16.09489551,2,94,7.887208796,0.493600747,4.67913478,36.03486594,547,0.187392943,1705.947242,460,5583,7.932358031,0.306036297,1.245459952,9.708511909,64,0.021925317,16.84241178,2,258,7.712510626,1.100887345,8.262237705,87.2770674,735,0.251798561,16196.12573,104,342447,6.997864538,2.470922413,7.096945607,53.33224164,28,0.009592326,38.5059952,1,66,7.929950414,0.298853511,0.070479707,0.467663709,5,0.001712915,3.963686194,1,5,7.947663302,0.238021321,-0.74282432,0.17610286,55,0.018842069,4.113495819,0,4.832923346,7.961513621,0.142662372,-4.936712652,32.78096649,16,0.005481329,95.71325797,51,158,7.908377871,0.392450103,0.954745198,-0.880373154,7,0.002398082,11.92394656,6,22,7.865353856,0.504397016,1.021360381,-0.840851306,21,0.007194245,4.954269084,4.785754485,5.068322614,7.978854291,0.016841901,-0.307152337,-1.4397213
imeem.com,29,4,0.19047619,10,0.476190476,1,0.034482759,29,1,16,0.551724138,2,0.068965517,28,1,0.053702721,-1.956037998,1.552029848,#NAME?,12.33651554,-0.651693535,1.739563045,29,1,0.103862552,0.021366,0.30809,3.170457982,0.688146525,1.617585576,1.781270222,25,0.862068966,313.2758621,223,455,3.346717185,0.204670634,0.434508677,-1.077568828,29,1,18394.65517,592,264807,1.882698164,2.759390094,4.142152159,16.56223058,14,0.482758621,19.27586207,5,90,3.022054403,0.986949251,2.503953864,6.062313538,27,0.931034483,1569.206897,611,5462,3.174474351,0.68827381,1.963123221,4.219968019,16,0.551724138,31.68965517,5,258,2.566658817,1.756498818,3.234376572,9.325285304,29,1,33135.48276,860,350154,2.064595792,2.355450333,3.310461972,9.590092176,13,0.448275862,31.62068966,1,167,3.084930134,0.914066805,3.514916639,13.79834693,4,0.137931034,2.24137931,1,4,3.237961024,0.492307692,-0.025085449,-1.569530487,15,0.517241379,3.607783046,0,5.054608609,3.289560523,0.297318111,-2.367419604,6.161666297,1,0.034482759,75,75,75,3.36729583,0,0,-3,1,0.034482759,9,9,9,3.36729583,0,0,-3,1,0.034482759,4.908125658,4.908125658,4.908125658,3.36729583,1.81E-16,-1,-2
60.121,15198,1,6.58E-05,15198,1,9,0.000592183,15049,0.990196078,14496,0.953809712,91,0.00598763,14750,0.9705863,5.621548423,-87051.72511,71227.92604,#NAME?,598.1781841,-2.074794829,319.8813815,1069,0.070338202,0.418122306,0.000201,114.286469,8.813275738,6.350731365,41.64300315,1777.584985,240,0.015791552,2254.426898,149,5537,9.624924736,0.083176605,1.381958295,154.4286261,32,0.00210554,9265.035926,498,1294206,9.191676802,3.300028411,33.54737975,1288.386378,28,0.001842348,21.34919068,4,455,9.584222318,0.558245093,27.93055626,873.7943879,388,0.025529675,3349.21312,463,26285,9.618430852,0.184802426,23.65866606,807.4521789,25,0.001644953,21.52789841,3,973,9.531650851,1.044868647,33.82501633,1315.254097,78,0.005132254,10283.15535,766,1344822,9.229695458,3.0755103,33.7813122,1306.240759,37,0.002434531,20.14212396,1,44,9.606208333,0.211308254,0.102813029,0.215120201,5,0.000328991,2.735623108,1,5,9.614698084,0.163212246,-1.012899297,-0.572455409,1287,0.084682195,3.4543846,0,4.349648913,9.626234166,0.072095765,-0.571848675,4.648031753,9,0.000592183,49.85142782,20,122,9.626890457,0.058970548,-3.47795035,153.9629713,6,0.000394789,5.968416897,1,10,9.624941297,0.072946961,-10.24398811,121.678148,9,0.000592183,4.838775076,3.892407119,5.084381168,9.628769544,0.016712767,-11.47035606,131.5829443
bk.com,10,0,0,0,0,1,0.1,10,1,5,0.5,2,0.2,9,1,0.020082209,-0.224932909,0.294129848,#NAME?,8.538851543,0.341616125,-1.080721184,10,1,0.0799366,0.04331,0.144192,2.231284237,0.389006765,0.831654415,-0.457367435,10,1,503.9,471,542,2.301198968,0.052643691,0.015482383,-1.713209791,10,1,4479.2,317,13911,1.733780558,1.121359111,1.086786136,-0.425709251,6,0.6,12.6,5,25,2.186120882,0.480404633,0.429387807,-0.634565512,10,1,1540.7,801,2485,2.214681367,0.41306341,0.047801801,-1.755087674,6,0.6,15.2,5,42,2.07702876,0.710891719,1.299510604,1.086346779,10,1,9703.8,585,43449,1.663511909,1.291412127,1.854007789,2.363612553,5,0.5,20.4,13,33,2.241769377,0.358346409,0.739792954,-0.944187224,3,0.3,2,1,3,2.250260279,0.316227766,0,-0.5,5,0.5,3.695928151,3.39274741,4.014860327,2.300301613,0.06744594,-0.130459437,-1.657105119,1,0.1,158,158,158,2.302585093,0,0,-3,1,0.1,22,22,22,2.302585093,0,0,-3,1,0.1,5.037790578,5.037790578,5.037790578,2.302585093,1.76E-16,-1,-2
fool.com,2455,1,0.000621118,1610,1,33,0.013441955,600,0.244399185,33,0.013441955,200,0.081466395,2448,0.997555012,23.01860778,-67302.27505,47833.15887,#NAME?,183.1855642,-3.350945907,81.37459595,2413,0.982892057,0.049085552,0.000163,9.994891,6.837434106,5.200771444,31.83595069,1104.267749,175,0.071283096,1920630.225,209,2090064963,1.260993393,27.74402994,32.08838266,1119.622645,109,0.044399185,23831163.72,317,4294969585,3.207937121,10.74441104,13.38927962,200.24354,29,0.011812627,16.32708758,3,49,7.729057432,0.403760683,1.560729033,5.262762131,406,0.165376782,1690.956415,406,3274,7.761109642,0.286623665,-0.27142474,0.806105401,52,0.021181263,15.45661914,3,105,7.628903373,0.721141414,3.61623988,17.30501244,357,0.145417515,13449.06558,276,130071,6.924136578,1.943951707,3.686658767,12.38005608,22,0.008961303,32.8114053,1,105,7.66151035,0.516344729,1.465415111,7.045699662,5,0.00203666,3.937678208,1,5,7.736280197,0.341198945,-0.951638068,-0.448566843,33,0.013441955,3.601536908,0,4.786468321,7.715012415,0.317470721,-2.484577791,5.105193469,16,0.006517312,94.53523422,63,158,7.737325676,0.389217669,1.066345898,-0.702241516,6,0.002443992,11.83299389,7,22,7.698048368,0.494219386,1.115032563,-0.653873607,27,0.010997963,4.954401546,4.802628806,5.092563865,7.805736782,0.017030487,-0.277168325,-1.422552481
experian.com,2390,0,0,0,0,33,0.013807531,720,0.30125523,19,0.007949791,139,0.058158996,2385,0.998325659,49.33225166,-172552.4244,71870.65916,#NAME?,162.1586729,-10.22376619,229.2855201,2341,0.979497908,0.146837005,0.00013,51.785944,5.328058956,12.45635927,27.79688262,776.6904736,186,0.077824268,1447277.588,204,1739808547,0.697359584,34.54599813,34.5273759,1190.18604,54,0.022594142,17571152.79,0,4294967783,2.683901666,13.6695444,15.89793223,266.5393975,34,0.014225941,12.35857741,2,55,7.588946465,0.628818725,1.004197292,1.967981006,482,0.20167364,1333.645188,458,3558,7.658207892,0.485064025,0.227458914,-1.203136886,42,0.017573222,12.67238494,1,66,7.559344375,0.713628475,1.980051025,7.109406622,168,0.070292887,4473.405439,52,70020,6.491522917,2.606851565,4.63532864,21.87380964,14,0.005857741,29.67615063,1,45,7.651802349,0.447746163,-0.680293045,-0.921984526,4,0.00167364,3.227196653,1,4,7.721308488,0.319041667,-0.770484454,-1.030997821,18,0.007531381,3.555737874,0,4.247557492,7.712942038,0.276746181,-2.604404778,6.608904927,18,0.007531381,97.0623431,3,158,7.686797337,0.429957686,0.55196565,-1.067006794,9,0.00376569,12.35648536,0,22,7.644781685,0.525489075,0.683160293,-1.187481287,31,0.012970711,4.892326844,0.918295834,5.175919651,7.772557654,0.095212747,-7.576829165,58.35214248
guitarcenter.com,1407,1,0.000958773,1043,1,15,0.010660981,411,0.292110874,37,0.026297086,72,0.051172708,1404,0.998577525,87.67209938,-123790.2478,82453.89048,#NAME?,90.18080864,-5.526713136,152.3039423,1393,0.990049751,0.052746868,8.80E-05,6.465573,5.926150847,5.506056408,18.98618178,372.7224503,146,0.10376688,1066726.117,225,1500365461,0.005588423,37.48371144,37.46999748,1402.000711,205,0.145700071,23821776.55,0,4294985907,2.314013287,12.35599929,13.57673387,189.3244852,25,0.017768301,16.18550107,3,37,7.196905501,0.313363637,0.148055652,1.358925298,343,0.243781095,1776.119403,576,2878,7.214733173,0.245689452,-0.942943734,1.330576366,43,0.030561478,16.94314144,3,60,7.108157005,0.585309269,2.043719943,4.953332218,417,0.296375267,15427.61834,180,67776,6.618080338,1.240445544,1.491575489,0.827367024,20,0.014214641,33.53589197,1,60,7.146829725,0.402110979,-0.496898638,0.259293178,6,0.004264392,4.826581379,1,8,7.163127347,0.399210397,0.138596722,-0.251587065,35,0.024875622,3.624474679,0,4.327819531,7.191299203,0.254613257,-3.056020091,9.277791063,13,0.009239517,97.01918977,63,158,7.182126729,0.382687507,0.961860738,-0.927200586,6,0.004264392,12.11229566,7,22,7.141196912,0.491999768,1.026631316,-0.883052967,15,0.010660981,4.974113204,4.85215372,5.175919651,7.249043752,0.018509033,0.008184708,-0.728781161
westerndigital.com,2222,0,0,0,0,22,0.00990099,509,0.229072907,51,0.022952295,76,0.03420342,2219,0.999099505,61.90003312,-133945.1369,86229.7262,#NAME?,116.0888567,-7.336818487,250.0256461,2196,0.98829883,0.058544178,0.000141,10.009862,6.729077223,4.802017215,28.77119738,899.1914382,200,0.090009001,283552.748,221,586022003,0.269238357,43.95161182,46.74254283,2193.083145,244,0.109810981,14122530.88,0,4294968835,2.640921011,14.21607335,18.62803711,377.7554105,48,0.02160216,15.4860486,4,88,7.590048218,0.530227444,3.147135768,18.03869146,479,0.215571557,1667.922592,551,5280,7.646540365,0.334931863,0.441246406,4.542477449,60,0.0270027,14.84878488,0,141,7.47847099,0.893251774,5.330269279,36.87346409,471,0.211971197,9525.165617,0,172286,6.455766364,2.560884618,5.034246124,28.08591639,28,0.01260126,31.88433843,1,59,7.581067272,0.446208388,-0.382735069,-0.190925424,5,0.002250225,3.598109811,1,5,7.653029126,0.304547888,-0.686765548,0.022531421,45,0.020252025,3.464894179,0,4.303830743,7.64294139,0.282687942,-2.482105091,5.007430933,17,0.007650765,94.67911791,55,158,7.642854702,0.374128233,1.115505837,-0.509827768,7,0.003150315,11.76687669,7,22,7.604584106,0.481268426,1.19014027,-0.450060035,22,0.00990099,4.961423479,4.802628806,5.105536338,7.706019279,0.016943837,-0.16355568,-1.317478229
snort.org,29422,0,0,0,0,137,0.00465638,2264,0.076949222,41,0.004557075,344,0.038234967,29197,0.992386391,8.910092188,-262120.414,71573.30738,#NAME?,424.0436151,-43.82888292,3164.473559,26517,0.90126436,0.743791904,7.30E-05,1178.620606,5.622663978,21.72586844,55.36565674,3861.80594,422,0.014343009,1370332.726,157,2123955314,3.470801563,31.89893296,36.03222164,1387.949297,811,0.027564408,14554263.43,0,4295012041,5.348940554,13.1688204,17.57035256,352.7246693,81,0.002753042,31.08208144,2,1633,10.18889414,0.743163301,46.56226151,3155.007916,2232,0.0758616,3699.981408,289,130761,10.1904899,0.610146583,27.62942981,1418.117998,134,0.004554415,33.76167494,0,3180,10.10329665,1.233719853,59.02610608,4425.389247,2879,0.097851948,29560.28526,0,7299546,9.674817129,3.096949673,68.34761762,5405.157967,19,0.002111815,25.47571413,1,54,9.05898531,0.255970792,-1.414607142,5.913787352,5,0.000555741,2.222740914,1,5,9.078493953,0.229324219,0.483837467,0.365875347,33,0.003667889,3.602809737,0,4.262043009,9.064589987,0.204814583,-4.423814251,18.74386433,39,0.001325539,80.85735164,1,158,10.23916386,0.323313375,1.541323643,4.116096288,10,0.000339882,9.583338998,0,22,10.21355762,0.414683834,2.12504369,4.930877788,118,0.004010604,4.894211764,0,5.175919651,10.2822698,0.09745327,-8.109580721,66.036695
hotwire.com,942,1,0.001240695,806,1,35,0.037154989,241,0.255838641,8,0.008492569,136,0.144373673,940,0.998937301,72.33914991,-151221.7088,60654.51175,#NAME?,157.8941361,-5.184304826,73.080692,936,0.993630573,0.126230613,0.000156,11.003909,5.945955008,3.839402374,18.80495303,382.1718712,150,0.159235669,397.6719745,202,1205,6.798255026,0.328976408,1.497530632,5.415412876,120,0.127388535,10027587.41,0,4294967296,1.520788962,16.2680411,21.59280196,524.0198902,44,0.04670913,18.15180467,4,64,6.697842193,0.564158171,0.995324096,0.71249242,387,0.410828025,1672.091295,554,4092,6.766293746,0.401756796,0.357146523,-0.433972646,67,0.071125265,19.1910828,2,108,6.614194035,0.74938077,1.779929261,3.862300327,258,0.27388535,22680.40764,396,172282,6.330984796,1.15313632,2.043971648,4.614219661,6,0.006369427,36.02123142,1,46,6.707138068,0.41038453,-1.811696493,1.615088436,3,0.003184713,4.28343949,1,5,6.776548148,0.324798158,-1.8011,1.529645656,8,0.008492569,3.661014482,0,4.515311532,6.690658276,0.414707682,-1.947373461,1.918744376,20,0.021231423,91.67834395,50,158,6.773502131,0.405560418,1.074569729,-0.51347738,8,0.008492569,11.47876858,6,22,6.735503845,0.506444885,1.173621049,-0.436824212,32,0.033970276,4.941546606,4.782739857,5.099451033,6.847848479,0.017705526,-0.042931175,-1.444750997
store.com,18624,0,0,0,0,93,0.004993557,4625,0.248335481,227,0.012188574,689,0.036995275,18411,0.988616227,14.05352983,-261716.7947,71975.86444,#NAME?,349.2156379,-31.10733055,1772.672702,16586,0.890571306,0.104192221,5.30E-05,51.532449,8.256026619,10.99513863,43.4693644,1933.60947,251,0.013477234,560490.3843,212,1800266545,2.301317752,46.01572955,53.61565315,3119.689312,399,0.021423969,14069422.02,0,4294967925,4.534340752,15.11563268,17.63636291,330.531731,41,0.00220146,11.69619845,2,67,9.642685522,0.63555214,1.258527385,3.851554724,931,0.049989261,1273.552459,427,4362,9.707486586,0.4987513,0.426945068,-0.649897733,62,0.003329038,10.97395833,0,84,9.620652859,0.758808191,3.624730197,21.54024079,962,0.05165378,3920.585266,0,94539,8.495050089,3.119429616,6.245622957,39.68550232,26,0.001396048,35.05965421,15,77,9.761736233,0.396984279,1.387809061,1.289929361,5,0.000268471,2.905766753,1,6,9.746708466,0.437010783,1.327273957,0.993966795,217,0.011651632,3.840986767,2.753434386,4.828867504,9.828226871,0.088036225,-0.62048688,3.135880227,35,0.001879296,93.98915378,1,158,9.750892255,0.409754439,0.804529519,-0.58353301,9,0.000483247,11.79129081,0,22,9.709980954,0.511420954,0.955573312,-0.670564384,82,0.004402921,4.900047372,0,5.175919651,9.82564395,0.093909455,-8.226803149,68.43350874
grolier.com,598,0,0,0,0,30,0.050167224,161,0.269230769,6,0.010033445,135,0.225752508,597,1,433.6889337,-258912.4279,106688.871,#NAME?,59.11782108,-6.295250513,69.6621756,597,0.998327759,0.090813385,6.90E-05,6.494604,5.208979679,4.236399733,13.90556485,201.1301068,87,0.14548495,357.0685619,202,544,6.354227119,0.284714099,0.553755516,-1.0268543,16,0.026755853,8875415.015,293,4294967778,0.4900126,20.30561889,22.78191747,533.5667904,12,0.02006689,13.16722408,3,22,6.268739331,0.470519402,-0.321378642,-1.428702787,149,0.24916388,1429.095318,493,2149,6.303441789,0.402344066,-0.422147541,-1.418014091,17,0.028428094,12.84113712,2,24,6.271473975,0.466226125,-0.30550814,-1.387116117,63,0.105351171,5611.618729,397,17796,5.803466634,1.127984599,0.960229321,-0.796924075,5,0.008361204,24.4548495,1,31,6.27946809,0.382525989,-1.674986323,1.59195146,2,0.003344482,2.772575251,1,3,6.359812728,0.229001254,-2.433602172,3.922419534,6,0.010033445,3.401587692,0,4.032303243,6.271090886,0.36365939,-2.29946311,3.532121704,20,0.033444816,93.26755853,3,158,6.290804568,0.446964689,0.564149893,-0.673887702,8,0.013377926,11.7993311,0,22,6.24657006,0.544126371,0.755515183,-0.850104117,27,0.045150502,4.826457583,0.918295834,5.073135244,6.380178096,0.136211866,-5.404471946,27.99523249
co.jp,2661,1,0.000375799,2661,1,137,0.051484404,653,0.245396467,523,0.225528245,676,0.291504959,2648,0.995488722,96.8632941,-261407.7193,72429.09698,#NAME?,125.7693874,-14.09220511,313.8612531,2153,0.809094325,297.0974059,0.000385,5617.457696,6.056084959,2.943149765,4.109319878,17.09292232,583,0.219090567,674149.7602,208,1779080589,0.098120947,51.14861505,51.55577753,2655.998923,940,0.353250658,60719814.96,282,4296545402,3.78828642,8.017353482,8.338652421,68.74024331,212,0.079669297,349.5144682,3,11125,5.886610847,3.563582939,5.506544749,33.45434245,943,0.354378053,32847.531,332,855263,5.99406567,3.265374725,4.660689753,22.28983248,270,0.101465614,509.5569335,3,17025,5.735268641,3.787845653,5.836086868,38.15112776,1092,0.410372041,980236.4961,164,35459944,5.433924564,4.238614801,6.224470867,42.7550709,54,0.023285899,25.25226391,1,68,7.35746348,0.798291938,0.155648855,-1.396031554,9,0.003880983,3.674428633,1,9,7.510792514,0.666660058,0.223847391,-1.459443973,358,0.154376887,2.803950448,0,4.69013799,7.394127546,0.662431307,-0.732071054,-1.261366949,38,0.014280346,78.33746712,3,158,7.852248508,0.281341777,2.69932512,8.358502234,10,0.003757986,8.288613303,0,22,7.808521008,0.451338657,2.988921747,8.389581916,119,0.04472003,4.860659695,0.918295834,5.175919651,7.883866994,0.059564724,-12.30035787,164.9820184
eucom.mil,1026,0,0,0,0,136,0.132553606,169,0.164717349,3,0.004398827,671,0.983870968,1024,0.99902439,251.1915236,-261699.047,86168.12364,#NAME?,74.87100446,-8.299010045,119.4024079,1021,0.995126706,0.32681447,0.000132,59.467484,4.718190816,7.846928473,19.95432107,427.7770937,170,0.165692008,1121018.341,198,1149624237,0.007264572,32.00055907,31.98438643,1021.000975,98,0.095516569,17794484.09,0,4294967296,1.662709836,14.46328685,15.40662903,242.087211,27,0.026315789,17.48635478,4,38,6.735743585,0.600372135,0.062286414,-1.511066191,293,0.285575049,2156.965887,504,4641,6.697432868,0.681716758,0.441485687,-1.43584859,41,0.039961014,19.47953216,3,51,6.694700786,0.672913528,0.355328281,-1.218460004,214,0.208576998,8190.990253,188,22372,6.261479822,1.161044274,0.688316469,-1.48506509,3,0.004398827,1.464809384,1,61,5.693756399,3.212256507,11.99443127,147.5740595,2,0.002932551,1.029325513,1,6,6.49267667,0.370917851,12.94240703,165.5058997,3,0.004398827,0.057229607,0,4.658188122,2.370880319,8.02912633,8.352295736,71.28777919,37,0.036062378,86.78947368,3,158,6.855681921,0.398699022,1.03928387,0.75356736,11,0.010721248,10.61306043,0,22,6.816498443,0.503844338,1.340376471,0.775737174,118,0.115009747,4.872164853,0.918295834,5.175919651,6.924245438,0.112553426,-6.571644241,42.69014817
addictinggames.com,5468,1,0.000240848,4152,1,36,0.00658376,1537,0.281089978,90,0.0164594,126,0.02304316,5421,0.991585879,10.61078102,-81838.37179,43954.16064,#NAME?,292.9671247,-5.827196613,196.7749706,5090,0.930870519,0.034140379,0.000118,19.047385,7.639799521,7.777933315,67.68002372,4809.978449,140,0.025603511,1306962.594,223,1898347121,1.532787486,35.11754544,36.66214734,1367.268482,250,0.045720556,22302689,0,4294971047,3.886551712,11.60304364,14.32375266,221.647142,42,0.007681053,16.85296269,2,85,8.544666419,0.417490909,4.759369953,28.41999946,488,0.089246525,1782.449525,381,5160,8.579683867,0.240561228,2.046968373,11.51737233,95,0.017373811,15.43087052,0,219,8.378478725,0.966978374,5.951236509,44.34903499,778,0.14228237,15175.16514,0,292167,7.424231546,2.688982515,5.263380782,27.99657301,15,0.002743233,17.82498171,1,32,8.578412969,0.227326518,0.438684126,6.328817827,4,0.000731529,2.027249451,1,5,8.582398428,0.231558771,2.719768615,17.71363683,31,0.005669349,3.578924961,0,4.106949133,8.592844123,0.128042609,-5.563361066,38.66820722,21,0.003840527,91.79462326,2,158,8.523663184,0.411410463,0.85154742,-0.225415955,11,0.002011704,11.4650695,0,22,8.485188107,0.511992635,1.060346377,-0.349450991,33,0.006035113,4.88271944,1,5.099451033,8.598256448,0.107085896,-7.103188259,49.83154382
akamai.net,13778,8,0.000580636,6094,0.442299318,100,0.007257947,3655,0.265277979,189,0.013717521,128,0.009290173,13693,0.993902882,18.71923003,-258109.9584,86046.00391,#NAME?,280.969548,-32.18106485,1717.305011,12875,0.934460735,0.095057399,5.80E-05,52.406127,7.262822291,14.02273275,37.91464548,1455.02322,342,0.02482218,1230142.115,177,2111461673,2.767132656,31.69172206,38.51154896,1647.231088,683,0.049571781,16648186.51,0,4294976404,4.623009383,12.73531497,16.19516114,293.2620046,43,0.003120917,13.51458847,2,76,9.411626225,0.482739409,0.803216679,4.022679911,1162,0.084337349,1612.821527,393,4942,9.450716248,0.379518193,-0.375735379,-0.720820347,70,0.005080563,12.94832341,0,135,9.36958661,0.64389386,4.091716576,38.65090468,1266,0.091885615,6481.829075,0,172305,8.54550528,2.229369155,6.332439849,53.83892285,51,0.003701553,80.27674554,1,120,9.506517232,0.224889176,0.758481347,-0.620985695,7,0.000508056,8.898316156,1,12,9.514522754,0.185744288,1.094644377,-0.418313888,188,0.013644941,4.594937791,0,4.941994692,9.530108379,0.036902671,-1.730700832,38.81237218,36,0.002612861,93.60197416,1,158,9.453644797,0.408150778,0.943711134,-0.73315944,12,0.000870954,11.76034258,0,22,9.414146479,0.509255769,1.041060027,-0.708580734,91,0.006604732,4.933059052,0,5.175919651,9.52887992,0.051190449,-14.15013323,228.1413819
wowwiki.com,1654,0,0,0,0,32,0.019347037,379,0.229141475,20,0.012091898,133,0.080411125,1651,0.998790079,94.56994543,-168019.1225,80970.20163,#NAME?,105.0914906,-7.537804551,156.7519145,1642,0.992744861,0.061477307,0.000149,1.464603,7.105235437,1.000609283,8.779906635,169.6907975,208,0.125755744,1914717.239,202,1965425158,0.666732615,29.56154971,30.98577662,994.2684994,77,0.046553809,19718584.28,0,4294977650,2.507299569,12.69348004,15.17450083,243.0271057,40,0.024183797,15.89963724,3,61,7.245269744,0.588300632,1.292723121,3.578090109,457,0.276299879,1563.020556,537,4143,7.314993742,0.425944824,0.214189804,0.234753458,56,0.033857316,15.75453446,1,102,7.155142518,0.830673377,2.840028952,10.79125462,246,0.148730351,14902.08162,60,119682,6.505146018,1.677300126,2.802403806,8.217880336,17,0.010278114,30.27267231,1,50,7.3079716,0.398311456,-0.667174898,0.143232944,4,0.00241838,2.548367594,1,6,7.226163673,0.595697223,0.265064627,-1.212846471,20,0.012091898,3.667385208,0,4.289882797,7.346857269,0.261703572,-3.308650724,9.798049265,22,0.013301088,95.00785973,50,158,7.343542431,0.38260093,0.963350872,-0.6968471,9,0.005441354,11.8458283,6,22,7.305866386,0.485466461,1.080066747,-0.615462395,31,0.018742443,4.959773047,4.785754485,5.175919651,7.410791857,0.01788364,-0.093585328,-1.008019035
joelonsoftware.com,576,0,0,0,0,21,0.036458333,155,0.269097222,13,0.022569444,133,0.230902778,575,1,239.6172647,-137780.397,85480.92047,#NAME?,59.86542353,-4.59362851,61.45879975,572,0.993055556,0.098172701,0.000241,10.006831,4.984293993,4.909612206,17.68995505,336.6631989,113,0.196180556,348.2065972,216,530,6.31490129,0.293636889,0.685320475,-1.131166287,76,0.131944444,7472628.906,0,4294967296,0.027067809,23.9274413,23.93745399,571.0017154,56,0.097222222,22.75173611,3,121,6.124643713,0.783629321,2.524605905,7.262010792,293,0.508680556,1994.725694,480,7077,6.256741436,0.469607024,1.836269513,6.018764457,73,0.126736111,28.953125,1,204,5.935797456,1.148762961,3.225409247,11.74855386,228,0.395833333,38476.01215,60,260193,5.531136254,1.55390609,2.715350918,7.217013154,10,0.017361111,16.14409722,1,36,6.101794927,0.686869987,0.429373639,-1.079690962,3,0.005208333,2.107638889,1,4,6.183569986,0.602017151,0.644073673,-1.301896527,13,0.022569444,2.815477416,0,4.390319531,6.182887959,0.476347649,-0.902813966,-0.120606021,16,0.027777778,96.50347222,50,158,6.283982689,0.395364208,0.8963818,-0.992538581,7,0.012152778,12.18576389,6,22,6.245103078,0.495751411,0.950748447,-0.976576102,21,0.036458333,4.95722292,4.845350937,5.081094965,6.355978885,0.016041284,-0.154162024,-1.55750662
nps.gov,2168,0,0,0,0,33,0.015221402,622,0.286900369,28,0.012915129,144,0.066420664,2163,0.99815413,71.19664637,-177224.0487,86157.15137,#NAME?,124.172828,-8.408892837,187.6203166,2116,0.97601476,0.043607278,0.000217,8.611215,6.968356228,4.3225521,43.3520594,1965.772972,160,0.073800738,752078.6993,194,1143804618,0.616404719,35.47496683,39.04749955,1601.506623,157,0.072416974,25517097.33,0,4294977008,2.988915988,11.38586859,13.57056636,192.352014,35,0.016143911,16.78367159,3,67,7.59111819,0.47419727,3.059299983,13.45270447,388,0.17896679,1719.458487,490,4278,7.633235555,0.30727948,0.689704741,3.937151738,60,0.027675277,17.72416974,2,177,7.383438272,1.075501661,5.166000296,32.59319375,412,0.1900369,19375.0572,112,233202,6.697399089,2.166225298,4.204602773,17.26255804,18,0.008302583,35.65728782,1,57,7.602095294,0.329085719,-1.419642923,2.698099884,6,0.002767528,3.82795203,1,6,7.633359984,0.283807757,-1.055872741,1.304033295,24,0.011070111,3.898392669,0,4.471354487,7.611164949,0.273262035,-3.20773306,8.935483291,20,0.009225092,92.32795203,50,158,7.608830774,0.401585405,1.098868214,-0.551079713,7,0.003228782,11.5396679,6,22,7.569847695,0.505497108,1.181855495,-0.481345767,31,0.014298893,4.943506094,4.756967643,5.094773155,7.681399273,0.017943017,-0.103648308,-1.441707139
warcry.com,1364,2,0.001572327,1268,0.996855346,34,0.024926686,310,0.227272727,46,0.03372434,142,0.104105572,1361,0.998532649,113.0784787,-163449.5016,85672.09087,#NAME?,96.77587165,-5.856783387,117.9332968,1349,0.989002933,0.057723079,0.000233,7.652514,6.097587632,4.684067029,24.12011219,624.3475193,129,0.09457478,2235074.606,200,1950601549,0.655884793,27.09595392,28.74991424,860.8388289,163,0.119501466,22308630.87,298,4294972723,2.142180246,13.12768124,14.00544764,198.5500959,49,0.035923754,21.71994135,2,88,7.071510901,0.627434022,2.511127764,6.09263672,403,0.295454545,1966.689883,359,5424,7.161625659,0.363179074,2.09422053,5.275191439,100,0.073313783,26.94794721,1,234,6.802952569,1.184227179,3.483198987,14.5816737,428,0.313782991,40592.29472,396,311349,6.26497155,1.8171132,2.699111582,6.084263786,21,0.015395894,28.95307918,1,54,7.074380857,0.472668824,-0.283421467,-0.247383993,5,0.003665689,3.426686217,1,5,7.151361333,0.346564128,-0.275934571,-0.338232528,35,0.025659824,3.305663204,0,4.284006521,7.104619873,0.352637373,-2.271211389,3.802855154,21,0.015395894,92.48900293,50,158,7.148661295,0.39319487,1.139703267,-0.456613014,7,0.005131965,11.53005865,6,22,7.109707908,0.498732544,1.213156933,-0.393720355,33,0.024193548,4.944915132,4.785754485,5.110015734,7.218032557,0.016978329,-0.170519353,-1.436338557
iu.edu,1712,0,0,0,0,31,0.018107477,452,0.264018692,23,0.013434579,139,0.081191589,1704,0.995908825,89.0336109,-165385.185,72283.01399,#NAME?,106.6457194,-8.228133717,163.286457,1682,0.982476636,0.052197088,0.000212,5.381372,6.330459058,4.409310672,20.96311956,471.1330322,128,0.074766355,325.4299065,192,538,7.399756431,0.308816151,0.665479632,-1.073478819,130,0.075934579,27441078.71,0,4294974569,2.806973527,10.89337262,12.74618611,171.6114946,39,0.022780374,17.85630841,5,73,7.369855666,0.428890409,2.833451787,12.20519239,349,0.20385514,1757.098131,562,4380,7.414110948,0.253373243,1.19899666,5.765153677,60,0.035046729,18.55607477,3,102,7.26877554,0.706842747,3.125521342,11.8742058,352,0.205607477,17972.97722,120,108990,6.75315141,1.349560366,2.160557536,4.746563208,15,0.008761682,18.26693925,1,32,7.304098966,0.49246773,-0.011865894,-0.925796662,3,0.001752336,2.241238318,1,3,7.409415469,0.262234122,-0.112258851,-0.472215666,20,0.011682243,3.00544491,0,4.028604522,7.343442448,0.354062661,-1.618124974,2.396403303,19,0.011098131,95.93224299,50,158,7.370809924,0.400850518,0.855468669,-0.980856618,8,0.004672897,12.08294393,6,22,7.332000729,0.500940422,0.951998808,-0.938650873,31,0.018107477,4.950252032,4.782739857,5.073972602,7.445237622,0.018954657,-0.246707011,-1.56346824
mlg.com,4867,0,0,0,0,133,0.027326895,1350,0.277378262,929,0.190877337,1749,0.359358948,4852,0.997122894,9.480352306,-46218.62472,31954.73575,#NAME?,173.572718,-10.41617576,436.3649268,3943,0.81014999,0.619152232,7.30E-05,10.656153,7.081605801,2.240829863,2.971777163,9.701337082,1370,0.281487569,490529.4804,215,1585777361,0.674860386,51.83096109,56.08608857,3298.92216,650,0.133552496,3734483.477,0,4294973442,2.073226533,27.47887923,34.80598395,1340.040086,20,0.004109308,14.9685638,3,25,8.440451577,0.299642313,-0.64774724,-0.878869004,1829,0.375796178,2800.364701,490,9837,8.370176538,0.511725973,1.341590441,2.920782863,23,0.004725704,16.7768646,0,30,8.380345154,0.458565384,0.104536786,-1.459243857,739,0.151838915,9404.374769,0,23057,8.222053572,0.731328093,0.535620131,-1.328293424,255,0.052393672,195.3949045,1,1037,7.440915558,1.552062947,1.396485843,0.477456741,27,0.005547565,4.18142593,1,28,7.95809011,1.180322887,1.794895668,2.547430838,927,0.190466406,3.071629898,0,5.971415826,8.014126698,0.809110221,-0.179589455,-1.60048898,36,0.007396754,94.24614752,50,158,8.417442582,0.399309152,0.989592502,-0.791138565,9,0.001849188,11.84877748,6,22,8.378890289,0.500179795,1.058343518,-0.741635951,114,0.023423053,4.945893363,4.756967643,5.175919651,8.490070403,0.018029645,-0.060066241,-1.413789542
bathandbodyworks.com,1590,0,0,0,0,34,0.021383648,377,0.237106918,18,0.011320755,145,0.091194969,1588,0.999370673,127.8445287,-257755.188,85697.27361,#NAME?,115.943801,-10.65988628,196.9448689,1578,0.99245283,0.115526583,0.00016,51.396906,4.880008055,11.83324619,33.90300055,1247.071939,159,0.1,580133.6358,220,921824122,0.010011203,39.83682079,39.83717647,1585.000629,116,0.072955975,23752252.16,0,4295003724,2.646492893,11.71557552,14.11856182,208.8031661,60,0.037735849,22.22893082,2,95,7.150993901,0.712230022,1.616806537,3.048540618,585,0.367924528,1992.98805,423,5855,7.254044091,0.484191003,0.728808619,0.91171695,117,0.073584906,31.70503145,1,291,6.882735698,1.180102417,2.731907127,10.43208915,397,0.249685535,55791.92013,40,396567,6.430748936,1.589870808,2.111496775,4.242981641,14,0.008805031,36.78427673,1,62,7.188990518,0.548101089,-0.145163907,-1.2590701,5,0.003144654,3.332704403,1,5,7.26307061,0.450682083,-0.061583136,-1.660589503,18,0.011320755,3.677497327,0,4.659313646,7.272193061,0.329307593,-2.456607138,4.817847021,23,0.014465409,91.94465409,1,158,7.275680152,0.433510341,0.651198681,-0.427276645,9,0.005660377,11.56918239,0,22,7.23446559,0.529122108,0.869185221,-0.566830012,33,0.020754717,4.844557204,0,5.175919651,7.356970379,0.138546361,-5.640194353,30.57401919
